rosbagTimestamp,header,seq,stamp,secs,nsecs,frame_id,orientation,x,y,z,w,orientation_covariance,angular_velocity,x,y,z,angular_velocity_covariance,linear_acceleration,x,y,z,linear_acceleration_covariance
1605615003183801991,,22095,,1605615003,168299198,"""base_imu""",,-0.010437648782274309,0.01989867545626564,-0.7925288408716352,0.6095342733321125,"[0.002, 0.0, 0.0, 0.0, 0.002, 0.0, 0.0, 0.0, 0.002]",,0.0010908307824956435,-0.0032724923474869304,0.002181661564991287,"[0.003, 0.0, 0.0, 0.0, 0.003, 0.0, 0.0, 0.0, 0.003]",,0.124,0.158,-0.034,"[0.6, 0.0, 0.0, 0.0, 0.6, 0.0, 0.0, 0.0, 0.6]"
1605615003232374424,,22096,,1605615003,218270063,"""base_imu""",,-0.010437648782274309,0.01989867545626564,-0.7925288408716352,0.6095342733321125,"[0.002, 0.0, 0.0, 0.0, 0.002, 0.0, 0.0, 0.0, 0.002]",,0.0010908307824956435,-0.002181661564991287,0.002181661564991287,"[0.003, 0.0, 0.0, 0.0, 0.003, 0.0, 0.0, 0.0, 0.003]",,0.114,0.168,-0.0040000000000000036,"[0.6, 0.0, 0.0, 0.0, 0.6, 0.0, 0.0, 0.0, 0.6]"
1605615003286156271,,22097,,1605615003,268414974,"""base_imu""",,-0.010437648782274309,0.01989867545626564,-0.7925288408716352,0.6095342733321125,"[0.002, 0.0, 0.0, 0.0, 0.002, 0.0, 0.0, 0.0, 0.002]",,-0.0010908307824956435,-0.002181661564991287,-0.0010908307824956435,"[0.003, 0.0, 0.0, 0.0, 0.003, 0.0, 0.0, 0.0, 0.003]",,0.114,0.14800000000000002,0.025999999999999995,"[0.6, 0.0, 0.0, 0.0, 0.6, 0.0, 0.0, 0.0, 0.6]"
1605615003333931093,,22098,,1605615003,318304538,"""base_imu""",,-0.010437648782274309,0.01989867545626564,-0.7925288408716352,0.6095342733321125,"[0.002, 0.0, 0.0, 0.0, 0.002, 0.0, 0.0, 0.0, 0.002]",,0.0010908307824956435,0.0010908307824956435,0.0,"[0.003, 0.0, 0.0, 0.0, 0.003, 0.0, 0.0, 0.0, 0.003]",,0.114,0.138,-0.0040000000000000036,"[0.6, 0.0, 0.0, 0.0, 0.6, 0.0, 0.0, 0.0, 0.6]"
1605615003383250576,,22099,,1605615003,368363380,"""base_imu""",,-0.010437648782274309,0.01989867545626564,-0.7925288408716352,0.6095342733321125,"[0.002, 0.0, 0.0, 0.0, 0.002, 0.0, 0.0, 0.0, 0.002]",,-0.0010908307824956435,-0.0010908307824956435,-0.0010908307824956435,"[0.003, 0.0, 0.0, 0.0, 0.003, 0.0, 0.0, 0.0, 0.003]",,0.124,0.138,0.016000000000000014,"[0.6, 0.0, 0.0, 0.0, 0.6, 0.0, 0.0, 0.0, 0.6]"
1605615003433449207,,22100,,1605615003,418640136,"""base_imu""",,-0.010437648782274309,0.01989867545626564,-0.7925288408716352,0.6095342733321125,"[0.002, 0.0, 0.0, 0.0, 0.002, 0.0, 0.0, 0.0, 0.002]",,0.0010908307824956435,-0.002181661564991287,-0.0010908307824956435,"[0.003, 0.0, 0.0, 0.0, 0.003, 0.0, 0.0, 0.0, 0.003]",,0.114,0.158,0.025999999999999995,"[0.6, 0.0, 0.0, 0.0, 0.6, 0.0, 0.0, 0.0, 0.6]"
1605615003483513564,,22101,,1605615003,468467712,"""base_imu""",,-0.010437648782274309,0.01989867545626564,-0.7925288408716352,0.6095342733321125,"[0.002, 0.0, 0.0, 0.0, 0.002, 0.0, 0.0, 0.0, 0.002]",,0.0010908307824956435,-0.0032724923474869304,0.0010908307824956435,"[0.003, 0.0, 0.0, 0.0, 0.003, 0.0, 0.0, 0.0, 0.003]",,0.124,0.158,-0.013999999999999985,"[0.6, 0.0, 0.0, 0.0, 0.6, 0.0, 0.0, 0.0, 0.6]"
1605615003533233116,,22102,,1605615003,518468618,"""base_imu""",,-0.010437648782274309,0.01989867545626564,-0.7925288408716352,0.6095342733321125,"[0.002, 0.0, 0.0, 0.0, 0.002, 0.0, 0.0, 0.0, 0.002]",,0.0010908307824956435,-0.0032724923474869304,0.002181661564991287,"[0.003, 0.0, 0.0, 0.0, 0.003, 0.0, 0.0, 0.0, 0.003]",,0.124,0.158,-0.013999999999999985,"[0.6, 0.0, 0.0, 0.0, 0.6, 0.0, 0.0, 0.0, 0.6]"
1605615003582709657,,22103,,1605615003,568271398,"""base_imu""",,-0.010437648782274309,0.01989867545626564,-0.7925288408716352,0.6095342733321125,"[0.002, 0.0, 0.0, 0.0, 0.002, 0.0, 0.0, 0.0, 0.002]",,0.0,0.0010908307824956435,0.0,"[0.003, 0.0, 0.0, 0.0, 0.003, 0.0, 0.0, 0.0, 0.003]",,0.114,0.168,0.006000000000000005,"[0.6, 0.0, 0.0, 0.0, 0.6, 0.0, 0.0, 0.0, 0.6]"
1605615003633567081,,22104,,1605615003,618345260,"""base_imu""",,-0.010437648782274309,0.01989867545626564,-0.7925288408716352,0.6095342733321125,"[0.002, 0.0, 0.0, 0.0, 0.002, 0.0, 0.0, 0.0, 0.002]",,-0.0010908307824956435,0.0,-0.0010908307824956435,"[0.003, 0.0, 0.0, 0.0, 0.003, 0.0, 0.0, 0.0, 0.003]",,0.124,0.158,-0.013999999999999985,"[0.6, 0.0, 0.0, 0.0, 0.6, 0.0, 0.0, 0.0, 0.6]"
1605615003681083724,,22105,,1605615003,668353796,"""base_imu""",,-0.010437648782274309,0.01989867545626564,-0.7925288408716352,0.6095342733321125,"[0.002, 0.0, 0.0, 0.0, 0.002, 0.0, 0.0, 0.0, 0.002]",,0.0,-0.0010908307824956435,0.004363323129982574,"[0.003, 0.0, 0.0, 0.0, 0.003, 0.0, 0.0, 0.0, 0.003]",,0.124,0.168,0.006000000000000005,"[0.6, 0.0, 0.0, 0.0, 0.6, 0.0, 0.0, 0.0, 0.6]"
1605615003731401844,,22106,,1605615003,718367338,"""base_imu""",,-0.010437648782274309,0.01989867545626564,-0.7925288408716352,0.6095342733321125,"[0.002, 0.0, 0.0, 0.0, 0.002, 0.0, 0.0, 0.0, 0.002]",,0.002181661564991287,-0.0010908307824956435,-0.0010908307824956435,"[0.003, 0.0, 0.0, 0.0, 0.003, 0.0, 0.0, 0.0, 0.003]",,0.114,0.14800000000000002,0.016000000000000014,"[0.6, 0.0, 0.0, 0.0, 0.6, 0.0, 0.0, 0.0, 0.6]"
1605615003786064855,,22107,,1605615003,768284320,"""base_imu""",,-0.010437648782274309,0.01989867545626564,-0.7925288408716352,0.6095342733321125,"[0.002, 0.0, 0.0, 0.0, 0.002, 0.0, 0.0, 0.0, 0.002]",,0.002181661564991287,0.002181661564991287,-0.0032724923474869304,"[0.003, 0.0, 0.0, 0.0, 0.003, 0.0, 0.0, 0.0, 0.003]",,0.124,0.138,0.006000000000000005,"[0.6, 0.0, 0.0, 0.0, 0.6, 0.0, 0.0, 0.0, 0.6]"
1605615003833595002,,22108,,1605615003,818346023,"""base_imu""",,-0.010437648782274309,0.01989867545626564,-0.7925288408716352,0.6095342733321125,"[0.002, 0.0, 0.0, 0.0, 0.002, 0.0, 0.0, 0.0, 0.002]",,0.002181661564991287,-0.002181661564991287,-0.0010908307824956435,"[0.003, 0.0, 0.0, 0.0, 0.003, 0.0, 0.0, 0.0, 0.003]",,0.124,0.168,-0.023999999999999994,"[0.6, 0.0, 0.0, 0.0, 0.6, 0.0, 0.0, 0.0, 0.6]"
1605615003884711213,,22109,,1605615003,868270635,"""base_imu""",,-0.010437648782274309,0.01989867545626564,-0.7925288408716352,0.6095342733321125,"[0.002, 0.0, 0.0, 0.0, 0.002, 0.0, 0.0, 0.0, 0.002]",,-0.0010908307824956435,0.002181661564991287,0.0032724923474869304,"[0.003, 0.0, 0.0, 0.0, 0.003, 0.0, 0.0, 0.0, 0.003]",,0.124,0.14800000000000002,-0.023999999999999994,"[0.6, 0.0, 0.0, 0.0, 0.6, 0.0, 0.0, 0.0, 0.6]"
1605615003933837798,,22110,,1605615003,918375968,"""base_imu""",,-0.010437648782274309,0.01989867545626564,-0.7925288408716352,0.6095342733321125,"[0.002, 0.0, 0.0, 0.0, 0.002, 0.0, 0.0, 0.0, 0.002]",,0.0010908307824956435,0.002181661564991287,-0.0032724923474869304,"[0.003, 0.0, 0.0, 0.0, 0.003, 0.0, 0.0, 0.0, 0.003]",,0.124,0.138,0.006000000000000005,"[0.6, 0.0, 0.0, 0.0, 0.6, 0.0, 0.0, 0.0, 0.6]"
1605615003983054623,,22111,,1605615003,968290090,"""base_imu""",,-0.010437648782274309,0.01989867545626564,-0.7925288408716352,0.6095342733321125,"[0.002, 0.0, 0.0, 0.0, 0.002, 0.0, 0.0, 0.0, 0.002]",,-0.002181661564991287,0.0010908307824956435,0.0,"[0.003, 0.0, 0.0, 0.0, 0.003, 0.0, 0.0, 0.0, 0.003]",,0.114,0.158,-0.013999999999999985,"[0.6, 0.0, 0.0, 0.0, 0.6, 0.0, 0.0, 0.0, 0.6]"
1605615004035628518,,22112,,1605615004,18287658,"""base_imu""",,-0.010437648782274309,0.01989867545626564,-0.7925288408716352,0.6095342733321125,"[0.002, 0.0, 0.0, 0.0, 0.002, 0.0, 0.0, 0.0, 0.002]",,0.0010908307824956435,-0.002181661564991287,0.0,"[0.003, 0.0, 0.0, 0.0, 0.003, 0.0, 0.0, 0.0, 0.003]",,0.114,0.14800000000000002,-0.013999999999999985,"[0.6, 0.0, 0.0, 0.0, 0.6, 0.0, 0.0, 0.0, 0.6]"
1605615004086253426,,22113,,1605615004,68302392,"""base_imu""",,-0.010437648782274309,0.01989867545626564,-0.7925288408716352,0.6095342733321125,"[0.002, 0.0, 0.0, 0.0, 0.002, 0.0, 0.0, 0.0, 0.002]",,-0.002181661564991287,-0.0010908307824956435,0.0010908307824956435,"[0.003, 0.0, 0.0, 0.0, 0.003, 0.0, 0.0, 0.0, 0.003]",,0.114,0.14800000000000002,-0.0040000000000000036,"[0.6, 0.0, 0.0, 0.0, 0.6, 0.0, 0.0, 0.0, 0.6]"
1605615004135681167,,22114,,1605615004,118367671,"""base_imu""",,-0.010437648782274309,0.01989867545626564,-0.7925288408716352,0.6095342733321125,"[0.002, 0.0, 0.0, 0.0, 0.002, 0.0, 0.0, 0.0, 0.002]",,-0.0010908307824956435,0.0010908307824956435,0.0010908307824956435,"[0.003, 0.0, 0.0, 0.0, 0.003, 0.0, 0.0, 0.0, 0.003]",,0.114,0.158,-0.013999999999999985,"[0.6, 0.0, 0.0, 0.0, 0.6, 0.0, 0.0, 0.0, 0.6]"
1605615004184017212,,22115,,1605615004,168328046,"""base_imu""",,-0.010437648782274309,0.01989867545626564,-0.7925288408716352,0.6095342733321125,"[0.002, 0.0, 0.0, 0.0, 0.002, 0.0, 0.0, 0.0, 0.002]",,0.002181661564991287,0.0010908307824956435,0.0010908307824956435,"[0.003, 0.0, 0.0, 0.0, 0.003, 0.0, 0.0, 0.0, 0.003]",,0.114,0.168,-0.034,"[0.6, 0.0, 0.0, 0.0, 0.6, 0.0, 0.0, 0.0, 0.6]"
1605615004240418454,,22116,,1605615004,218271970,"""base_imu""",,-0.010437648782274309,0.01989867545626564,-0.7925288408716352,0.6095342733321125,"[0.002, 0.0, 0.0, 0.0, 0.002, 0.0, 0.0, 0.0, 0.002]",,-0.0010908307824956435,0.0010908307824956435,-0.002181661564991287,"[0.003, 0.0, 0.0, 0.0, 0.003, 0.0, 0.0, 0.0, 0.003]",,0.114,0.168,-0.0040000000000000036,"[0.6, 0.0, 0.0, 0.0, 0.6, 0.0, 0.0, 0.0, 0.6]"
1605615004289331564,,22117,,1605615004,268337011,"""base_imu""",,-0.010437648782274309,0.01989867545626564,-0.7925288408716352,0.6095342733321125,"[0.002, 0.0, 0.0, 0.0, 0.002, 0.0, 0.0, 0.0, 0.002]",,0.0,0.0,0.0,"[0.003, 0.0, 0.0, 0.0, 0.003, 0.0, 0.0, 0.0, 0.003]",,0.124,0.168,0.016000000000000014,"[0.6, 0.0, 0.0, 0.0, 0.6, 0.0, 0.0, 0.0, 0.6]"
1605615004334983829,,22118,,1605615004,318324565,"""base_imu""",,-0.010437648782274309,0.01989867545626564,-0.7925288408716352,0.6095342733321125,"[0.002, 0.0, 0.0, 0.0, 0.002, 0.0, 0.0, 0.0, 0.002]",,0.0010908307824956435,-0.0010908307824956435,0.0,"[0.003, 0.0, 0.0, 0.0, 0.003, 0.0, 0.0, 0.0, 0.003]",,0.114,0.138,0.006000000000000005,"[0.6, 0.0, 0.0, 0.0, 0.6, 0.0, 0.0, 0.0, 0.6]"
1605615004384551155,,22119,,1605615004,368367433,"""base_imu""",,-0.010437648782274309,0.01989867545626564,-0.7925288408716352,0.6095342733321125,"[0.002, 0.0, 0.0, 0.0, 0.002, 0.0, 0.0, 0.0, 0.002]",,0.0,0.0010908307824956435,-0.0010908307824956435,"[0.003, 0.0, 0.0, 0.0, 0.003, 0.0, 0.0, 0.0, 0.003]",,0.124,0.158,-0.0040000000000000036,"[0.6, 0.0, 0.0, 0.0, 0.6, 0.0, 0.0, 0.0, 0.6]"
1605615004437739074,,22120,,1605615004,418602943,"""base_imu""",,-0.010437648782274309,0.01989867545626564,-0.7925288408716352,0.6095342733321125,"[0.002, 0.0, 0.0, 0.0, 0.002, 0.0, 0.0, 0.0, 0.002]",,0.0010908307824956435,0.0010908307824956435,0.0010908307824956435,"[0.003, 0.0, 0.0, 0.0, 0.003, 0.0, 0.0, 0.0, 0.003]",,0.114,0.168,-0.034,"[0.6, 0.0, 0.0, 0.0, 0.6, 0.0, 0.0, 0.0, 0.6]"
1605615004484269239,,22121,,1605615004,468438863,"""base_imu""",,-0.010437648782274309,0.01989867545626564,-0.7925288408716352,0.6095342733321125,"[0.002, 0.0, 0.0, 0.0, 0.002, 0.0, 0.0, 0.0, 0.002]",,0.0,0.0,0.0,"[0.003, 0.0, 0.0, 0.0, 0.003, 0.0, 0.0, 0.0, 0.003]",,0.124,0.14800000000000002,-0.034,"[0.6, 0.0, 0.0, 0.0, 0.6, 0.0, 0.0, 0.0, 0.6]"
1605615004533255373,,22122,,1605615004,518281698,"""base_imu""",,-0.010437648782274309,0.01989867545626564,-0.7925288408716352,0.6095342733321125,"[0.002, 0.0, 0.0, 0.0, 0.002, 0.0, 0.0, 0.0, 0.002]",,0.0010908307824956435,-0.0010908307824956435,0.0010908307824956435,"[0.003, 0.0, 0.0, 0.0, 0.003, 0.0, 0.0, 0.0, 0.003]",,0.114,0.14800000000000002,-0.013999999999999985,"[0.6, 0.0, 0.0, 0.0, 0.6, 0.0, 0.0, 0.0, 0.6]"
1605615004584143005,,22123,,1605615004,568307876,"""base_imu""",,-0.010437648782274309,0.01989867545626564,-0.7925288408716352,0.6095342733321125,"[0.002, 0.0, 0.0, 0.0, 0.002, 0.0, 0.0, 0.0, 0.002]",,-0.0010908307824956435,-0.002181661564991287,0.0032724923474869304,"[0.003, 0.0, 0.0, 0.0, 0.003, 0.0, 0.0, 0.0, 0.003]",,0.114,0.14800000000000002,-0.013999999999999985,"[0.6, 0.0, 0.0, 0.0, 0.6, 0.0, 0.0, 0.0, 0.6]"
1605615004633168756,,22124,,1605615004,618324518,"""base_imu""",,-0.010437648782274309,0.01989867545626564,-0.7925288408716352,0.6095342733321125,"[0.002, 0.0, 0.0, 0.0, 0.002, 0.0, 0.0, 0.0, 0.002]",,-0.002181661564991287,0.0010908307824956435,-0.0010908307824956435,"[0.003, 0.0, 0.0, 0.0, 0.003, 0.0, 0.0, 0.0, 0.003]",,0.10400000000000001,0.128,0.006000000000000005,"[0.6, 0.0, 0.0, 0.0, 0.6, 0.0, 0.0, 0.0, 0.6]"
1605615004685164178,,22125,,1605615004,668308019,"""base_imu""",,-0.010437648782274309,0.01989867545626564,-0.7925288408716352,0.6095342733321125,"[0.002, 0.0, 0.0, 0.0, 0.002, 0.0, 0.0, 0.0, 0.002]",,0.0010908307824956435,0.0010908307824956435,0.0,"[0.003, 0.0, 0.0, 0.0, 0.003, 0.0, 0.0, 0.0, 0.003]",,0.10400000000000001,0.14800000000000002,0.006000000000000005,"[0.6, 0.0, 0.0, 0.0, 0.6, 0.0, 0.0, 0.0, 0.6]"
1605615004735390009,,22126,,1605615004,718324661,"""base_imu""",,-0.010437648782274309,0.01989867545626564,-0.7925288408716352,0.6095342733321125,"[0.002, 0.0, 0.0, 0.0, 0.002, 0.0, 0.0, 0.0, 0.002]",,-0.0010908307824956435,0.0010908307824956435,0.0,"[0.003, 0.0, 0.0, 0.0, 0.003, 0.0, 0.0, 0.0, 0.003]",,0.114,0.138,0.016000000000000014,"[0.6, 0.0, 0.0, 0.0, 0.6, 0.0, 0.0, 0.0, 0.6]"
1605615004786934194,,22127,,1605615004,768293857,"""base_imu""",,-0.010437648782274309,0.01989867545626564,-0.7925288408716352,0.6095342733321125,"[0.002, 0.0, 0.0, 0.0, 0.002, 0.0, 0.0, 0.0, 0.002]",,0.0010908307824956435,-0.0010908307824956435,0.0,"[0.003, 0.0, 0.0, 0.0, 0.003, 0.0, 0.0, 0.0, 0.003]",,0.114,0.158,-0.023999999999999994,"[0.6, 0.0, 0.0, 0.0, 0.6, 0.0, 0.0, 0.0, 0.6]"
1605615004833281093,,22128,,1605615004,818315505,"""base_imu""",,-0.010437648782274309,0.01989867545626564,-0.7925288408716352,0.6095342733321125,"[0.002, 0.0, 0.0, 0.0, 0.002, 0.0, 0.0, 0.0, 0.002]",,0.0010908307824956435,0.0,0.0010908307824956435,"[0.003, 0.0, 0.0, 0.0, 0.003, 0.0, 0.0, 0.0, 0.003]",,0.134,0.168,0.025999999999999995,"[0.6, 0.0, 0.0, 0.0, 0.6, 0.0, 0.0, 0.0, 0.6]"
1605615004884686940,,22129,,1605615004,868309736,"""base_imu""",,-0.010437648782274309,0.01989867545626564,-0.7925288408716352,0.6095342733321125,"[0.002, 0.0, 0.0, 0.0, 0.002, 0.0, 0.0, 0.0, 0.002]",,-0.0010908307824956435,0.0,0.0010908307824956435,"[0.003, 0.0, 0.0, 0.0, 0.003, 0.0, 0.0, 0.0, 0.003]",,0.114,0.138,-0.08399999999999999,"[0.6, 0.0, 0.0, 0.0, 0.6, 0.0, 0.0, 0.0, 0.6]"
1605615004935471850,,22130,,1605615004,918279886,"""base_imu""",,-0.010437648782274309,0.01989867545626564,-0.7925288408716352,0.6095342733321125,"[0.002, 0.0, 0.0, 0.0, 0.002, 0.0, 0.0, 0.0, 0.002]",,-0.0010908307824956435,0.0,0.0,"[0.003, 0.0, 0.0, 0.0, 0.003, 0.0, 0.0, 0.0, 0.003]",,0.114,0.158,-0.013999999999999985,"[0.6, 0.0, 0.0, 0.0, 0.6, 0.0, 0.0, 0.0, 0.6]"
1605615004984334047,,22131,,1605615004,968294620,"""base_imu""",,-0.010437648782274309,0.01989867545626564,-0.7925288408716352,0.6095342733321125,"[0.002, 0.0, 0.0, 0.0, 0.002, 0.0, 0.0, 0.0, 0.002]",,0.0010908307824956435,-0.002181661564991287,0.0010908307824956435,"[0.003, 0.0, 0.0, 0.0, 0.003, 0.0, 0.0, 0.0, 0.003]",,0.114,0.14800000000000002,0.006000000000000005,"[0.6, 0.0, 0.0, 0.0, 0.6, 0.0, 0.0, 0.0, 0.6]"
1605615005033844860,,22132,,1605615005,18502950,"""base_imu""",,-0.010437648782274309,0.01989867545626564,-0.7925288408716352,0.6095342733321125,"[0.002, 0.0, 0.0, 0.0, 0.002, 0.0, 0.0, 0.0, 0.002]",,0.0,0.0010908307824956435,0.0032724923474869304,"[0.003, 0.0, 0.0, 0.0, 0.003, 0.0, 0.0, 0.0, 0.003]",,0.114,0.138,-0.023999999999999994,"[0.6, 0.0, 0.0, 0.0, 0.6, 0.0, 0.0, 0.0, 0.6]"
1605615005086929961,,22133,,1605615005,68308115,"""base_imu""",,-0.010437648782274309,0.01989867545626564,-0.7925288408716352,0.6095342733321125,"[0.002, 0.0, 0.0, 0.0, 0.002, 0.0, 0.0, 0.0, 0.002]",,0.002181661564991287,0.0,0.0,"[0.003, 0.0, 0.0, 0.0, 0.003, 0.0, 0.0, 0.0, 0.003]",,0.114,0.14800000000000002,-0.034,"[0.6, 0.0, 0.0, 0.0, 0.6, 0.0, 0.0, 0.0, 0.6]"
1605615005136746602,,22134,,1605615005,118505716,"""base_imu""",,-0.010437648782274309,0.01989867545626564,-0.7925288408716352,0.6095342733321125,"[0.002, 0.0, 0.0, 0.0, 0.002, 0.0, 0.0, 0.0, 0.002]",,-0.002181661564991287,-0.0010908307824956435,0.0010908307824956435,"[0.003, 0.0, 0.0, 0.0, 0.003, 0.0, 0.0, 0.0, 0.003]",,0.114,0.14800000000000002,0.006000000000000005,"[0.6, 0.0, 0.0, 0.0, 0.6, 0.0, 0.0, 0.0, 0.6]"
1605615005185090743,,22135,,1605615005,169195175,"""base_imu""",,-0.010437648782274309,0.01989867545626564,-0.7925288408716352,0.6095342733321125,"[0.002, 0.0, 0.0, 0.0, 0.002, 0.0, 0.0, 0.0, 0.002]",,0.0,0.0,0.002181661564991287,"[0.003, 0.0, 0.0, 0.0, 0.003, 0.0, 0.0, 0.0, 0.003]",,0.124,0.14800000000000002,-0.013999999999999985,"[0.6, 0.0, 0.0, 0.0, 0.6, 0.0, 0.0, 0.0, 0.6]"
1605615005241461265,,22136,,1605615005,218402624,"""base_imu""",,-0.010437648782274309,0.01989867545626564,-0.7925288408716352,0.6095342733321125,"[0.002, 0.0, 0.0, 0.0, 0.002, 0.0, 0.0, 0.0, 0.002]",,-0.0010908307824956435,-0.0010908307824956435,0.002181661564991287,"[0.003, 0.0, 0.0, 0.0, 0.003, 0.0, 0.0, 0.0, 0.003]",,0.114,0.14800000000000002,0.036000000000000004,"[0.6, 0.0, 0.0, 0.0, 0.6, 0.0, 0.0, 0.0, 0.6]"
1605615005287419614,,22137,,1605615005,268697738,"""base_imu""",,-0.010437648782274309,0.01989867545626564,-0.7925288408716352,0.6095342733321125,"[0.002, 0.0, 0.0, 0.0, 0.002, 0.0, 0.0, 0.0, 0.002]",,-0.0010908307824956435,0.0,-0.0010908307824956435,"[0.003, 0.0, 0.0, 0.0, 0.003, 0.0, 0.0, 0.0, 0.003]",,0.124,0.14800000000000002,0.04600000000000001,"[0.6, 0.0, 0.0, 0.0, 0.6, 0.0, 0.0, 0.0, 0.6]"
1605615005336682328,,22138,,1605615005,318390607,"""base_imu""",,-0.010437648782274309,0.01989867545626564,-0.7925288408716352,0.6095342733321125,"[0.002, 0.0, 0.0, 0.0, 0.002, 0.0, 0.0, 0.0, 0.002]",,0.0010908307824956435,0.0010908307824956435,0.0010908307824956435,"[0.003, 0.0, 0.0, 0.0, 0.003, 0.0, 0.0, 0.0, 0.003]",,0.114,0.138,-0.023999999999999994,"[0.6, 0.0, 0.0, 0.0, 0.6, 0.0, 0.0, 0.0, 0.6]"
1605615005384538046,,22139,,1605615005,368441343,"""base_imu""",,-0.010437648782274309,0.01989867545626564,-0.7925288408716352,0.6095342733321125,"[0.002, 0.0, 0.0, 0.0, 0.002, 0.0, 0.0, 0.0, 0.002]",,0.002181661564991287,-0.0010908307824956435,0.0010908307824956435,"[0.003, 0.0, 0.0, 0.0, 0.003, 0.0, 0.0, 0.0, 0.003]",,0.10400000000000001,0.14800000000000002,-0.034,"[0.6, 0.0, 0.0, 0.0, 0.6, 0.0, 0.0, 0.0, 0.6]"
1605615005440217423,,22140,,1605615005,418279170,"""base_imu""",,-0.010437648782274309,0.01989867545626564,-0.7925288408716352,0.6095342733321125,"[0.002, 0.0, 0.0, 0.0, 0.002, 0.0, 0.0, 0.0, 0.002]",,0.0,0.0010908307824956435,0.0,"[0.003, 0.0, 0.0, 0.0, 0.003, 0.0, 0.0, 0.0, 0.003]",,0.114,0.168,-0.0040000000000000036,"[0.6, 0.0, 0.0, 0.0, 0.6, 0.0, 0.0, 0.0, 0.6]"
1605615005487067656,,22141,,1605615005,468374729,"""base_imu""",,-0.010437648782274309,0.01989867545626564,-0.7925288408716352,0.6095342733321125,"[0.002, 0.0, 0.0, 0.0, 0.002, 0.0, 0.0, 0.0, 0.002]",,0.0010908307824956435,0.002181661564991287,0.0,"[0.003, 0.0, 0.0, 0.0, 0.003, 0.0, 0.0, 0.0, 0.003]",,0.10400000000000001,0.168,0.006000000000000005,"[0.6, 0.0, 0.0, 0.0, 0.6, 0.0, 0.0, 0.0, 0.6]"
1605615005538822947,,22142,,1605615005,518332242,"""base_imu""",,-0.010437648782274309,0.01989867545626564,-0.7925288408716352,0.6095342733321125,"[0.002, 0.0, 0.0, 0.0, 0.002, 0.0, 0.0, 0.0, 0.002]",,0.0010908307824956435,-0.0010908307824956435,-0.002181661564991287,"[0.003, 0.0, 0.0, 0.0, 0.003, 0.0, 0.0, 0.0, 0.003]",,0.124,0.168,0.006000000000000005,"[0.6, 0.0, 0.0, 0.0, 0.6, 0.0, 0.0, 0.0, 0.6]"
1605615005585897279,,22143,,1605615005,568354368,"""base_imu""",,-0.010437648782274309,0.01989867545626564,-0.7925288408716352,0.6095342733321125,"[0.002, 0.0, 0.0, 0.0, 0.002, 0.0, 0.0, 0.0, 0.002]",,0.0,0.0010908307824956435,-0.002181661564991287,"[0.003, 0.0, 0.0, 0.0, 0.003, 0.0, 0.0, 0.0, 0.003]",,0.10400000000000001,0.158,0.006000000000000005,"[0.6, 0.0, 0.0, 0.0, 0.6, 0.0, 0.0, 0.0, 0.6]"
1605615005636923185,,22144,,1605615005,618313789,"""base_imu""",,-0.010437648782274309,0.01989867545626564,-0.7925288408716352,0.6095342733321125,"[0.002, 0.0, 0.0, 0.0, 0.002, 0.0, 0.0, 0.0, 0.002]",,0.0,-0.0010908307824956435,-0.002181661564991287,"[0.003, 0.0, 0.0, 0.0, 0.003, 0.0, 0.0, 0.0, 0.003]",,0.10400000000000001,0.158,-0.013999999999999985,"[0.6, 0.0, 0.0, 0.0, 0.6, 0.0, 0.0, 0.0, 0.6]"
1605615005685236414,,22145,,1605615005,668300867,"""base_imu""",,-0.010437648782274309,0.01989867545626564,-0.7925288408716352,0.6095342733321125,"[0.002, 0.0, 0.0, 0.0, 0.002, 0.0, 0.0, 0.0, 0.002]",,0.0010908307824956435,0.0,0.0010908307824956435,"[0.003, 0.0, 0.0, 0.0, 0.003, 0.0, 0.0, 0.0, 0.003]",,0.114,0.158,0.016000000000000014,"[0.6, 0.0, 0.0, 0.0, 0.6, 0.0, 0.0, 0.0, 0.6]"
1605615005735456228,,22146,,1605615005,718377590,"""base_imu""",,-0.010437648782274309,0.01989867545626564,-0.7925288408716352,0.6095342733321125,"[0.002, 0.0, 0.0, 0.0, 0.002, 0.0, 0.0, 0.0, 0.002]",,0.0010908307824956435,0.0,-0.002181661564991287,"[0.003, 0.0, 0.0, 0.0, 0.003, 0.0, 0.0, 0.0, 0.003]",,0.114,0.14800000000000002,0.006000000000000005,"[0.6, 0.0, 0.0, 0.0, 0.6, 0.0, 0.0, 0.0, 0.6]"
1605615005783570830,,22147,,1605615005,768733978,"""base_imu""",,-0.010437648782274309,0.01989867545626564,-0.7925288408716352,0.6095342733321125,"[0.002, 0.0, 0.0, 0.0, 0.002, 0.0, 0.0, 0.0, 0.002]",,0.0,0.0032724923474869304,-0.0010908307824956435,"[0.003, 0.0, 0.0, 0.0, 0.003, 0.0, 0.0, 0.0, 0.003]",,0.114,0.158,0.025999999999999995,"[0.6, 0.0, 0.0, 0.0, 0.6, 0.0, 0.0, 0.0, 0.6]"
1605615005838150096,,22148,,1605615005,818277835,"""base_imu""",,-0.010437648782274309,0.01989867545626564,-0.7925288408716352,0.6095342733321125,"[0.002, 0.0, 0.0, 0.0, 0.002, 0.0, 0.0, 0.0, 0.002]",,0.0010908307824956435,-0.0010908307824956435,-0.0010908307824956435,"[0.003, 0.0, 0.0, 0.0, 0.003, 0.0, 0.0, 0.0, 0.003]",,0.124,0.128,-0.013999999999999985,"[0.6, 0.0, 0.0, 0.0, 0.6, 0.0, 0.0, 0.0, 0.6]"
1605615005885259404,,22149,,1605615005,868267774,"""base_imu""",,-0.010437648782274309,0.01989867545626564,-0.7925288408716352,0.6095342733321125,"[0.002, 0.0, 0.0, 0.0, 0.002, 0.0, 0.0, 0.0, 0.002]",,0.002181661564991287,-0.0032724923474869304,0.002181661564991287,"[0.003, 0.0, 0.0, 0.0, 0.003, 0.0, 0.0, 0.0, 0.003]",,0.114,0.158,-0.023999999999999994,"[0.6, 0.0, 0.0, 0.0, 0.6, 0.0, 0.0, 0.0, 0.6]"
1605615005932407146,,22150,,1605615005,918309926,"""base_imu""",,-0.010437648782274309,0.01989867545626564,-0.7925288408716352,0.6095342733321125,"[0.002, 0.0, 0.0, 0.0, 0.002, 0.0, 0.0, 0.0, 0.002]",,0.0010908307824956435,0.0,0.002181661564991287,"[0.003, 0.0, 0.0, 0.0, 0.003, 0.0, 0.0, 0.0, 0.003]",,0.114,0.158,-0.013999999999999985,"[0.6, 0.0, 0.0, 0.0, 0.6, 0.0, 0.0, 0.0, 0.6]"
1605615005986227585,,22151,,1605615005,968289613,"""base_imu""",,-0.010437648782274309,0.01989867545626564,-0.7925288408716352,0.6095342733321125,"[0.002, 0.0, 0.0, 0.0, 0.002, 0.0, 0.0, 0.0, 0.002]",,0.0,0.0,0.002181661564991287,"[0.003, 0.0, 0.0, 0.0, 0.003, 0.0, 0.0, 0.0, 0.003]",,0.114,0.158,0.025999999999999995,"[0.6, 0.0, 0.0, 0.0, 0.6, 0.0, 0.0, 0.0, 0.6]"
1605615006035102549,,22152,,1605615006,18256187,"""base_imu""",,-0.010437648782274309,0.01989867545626564,-0.7925288408716352,0.6095342733321125,"[0.002, 0.0, 0.0, 0.0, 0.002, 0.0, 0.0, 0.0, 0.002]",,0.0010908307824956435,-0.0010908307824956435,0.0,"[0.003, 0.0, 0.0, 0.0, 0.003, 0.0, 0.0, 0.0, 0.003]",,0.114,0.14800000000000002,0.006000000000000005,"[0.6, 0.0, 0.0, 0.0, 0.6, 0.0, 0.0, 0.0, 0.6]"
1605615006087643835,,22153,,1605615006,68529844,"""base_imu""",,-0.010437648782274309,0.018799975584447293,-0.7926509186351706,0.6094121955685772,"[0.002, 0.0, 0.0, 0.0, 0.002, 0.0, 0.0, 0.0, 0.002]",,0.09381144729462534,0.08508480103466019,-0.03163409269237366,"[0.003, 0.0, 0.0, 0.0, 0.003, 0.0, 0.0, 0.0, 0.003]",,2.444,-2.0820000000000003,2.466,"[0.6, 0.0, 0.0, 0.0, 0.6, 0.0, 0.0, 0.0, 0.6]"
1605615006136558959,,22154,,1605615006,118383646,"""base_imu""",,-0.010986998718183483,0.018799975584447293,-0.7928950741622414,0.609045962277971,"[0.002, 0.0, 0.0, 0.0, 0.002, 0.0, 0.0, 0.0, 0.002]",,-0.19634954084921583,-0.03054326190987802,-0.01527163095493901,"[0.003, 0.0, 0.0, 0.0, 0.003, 0.0, 0.0, 0.0, 0.003]",,5.084,-1.462,-2.334,"[0.6, 0.0, 0.0, 0.0, 0.6, 0.0, 0.0, 0.0, 0.6]"
1605615006183949424,,22155,,1605615006,168421745,"""base_imu""",,-0.011292193127021913,0.01928828663858878,-0.7930781908075444,0.6088018067509003,"[0.002, 0.0, 0.0, 0.0, 0.002, 0.0, 0.0, 0.0, 0.002]",,0.16907877128682475,-0.1658062789393378,0.017453292519930295,"[0.003, 0.0, 0.0, 0.0, 0.003, 0.0, 0.0, 0.0, 0.003]",,3.824,-0.732,-1.064,"[0.6, 0.0, 0.0, 0.0, 0.6, 0.0, 0.0, 0.0, 0.6]"
1605615006234708573,,22156,,1605615006,218344449,"""base_imu""",,-0.009888298846365134,0.01916620887505341,-0.792772996398706,0.6092901178050418,"[0.002, 0.0, 0.0, 0.0, 0.002, 0.0, 0.0, 0.0, 0.002]",,-0.11999138607452078,-0.05126904677729524,-0.06326818538474732,"[0.003, 0.0, 0.0, 0.0, 0.003, 0.0, 0.0, 0.0, 0.003]",,0.914,2.618,4.156000000000001,"[0.6, 0.0, 0.0, 0.0, 0.6, 0.0, 0.0, 0.0, 0.6]"
1605615006282030524,,22157,,1605615006,268332719,"""base_imu""",,-0.010498687664041995,0.019105169993285723,-0.7930171519257767,0.6089238845144357,"[0.002, 0.0, 0.0, 0.0, 0.002, 0.0, 0.0, 0.0, 0.002]",,-0.008726646259965148,0.35670166587607544,0.040360738952338805,"[0.003, 0.0, 0.0, 0.0, 0.003, 0.0, 0.0, 0.0, 0.003]",,0.14400000000000002,-3.8320000000000003,-10.133999999999999,"[0.6, 0.0, 0.0, 0.0, 0.6, 0.0, 0.0, 0.0, 0.6]"
1605615006334589762,,22158,,1605615006,318367958,"""base_imu""",,-0.012146737471769517,0.01898309222975035,-0.7928340352804737,0.6091680400415065,"[0.002, 0.0, 0.0, 0.0, 0.002, 0.0, 0.0, 0.0, 0.002]",,-0.007635815477469505,-0.4385139745632487,0.010908307824956436,"[0.003, 0.0, 0.0, 0.0, 0.003, 0.0, 0.0, 0.0, 0.003]",,1.094,3.388,-6.584,"[0.6, 0.0, 0.0, 0.0, 0.6, 0.0, 0.0, 0.0, 0.6]"
1605615006387930067,,22159,,1605615006,368314981,"""base_imu""",,-0.012268815235304889,0.015503875968992248,-0.793139229689312,0.608862845632668,"[0.002, 0.0, 0.0, 0.0, 0.002, 0.0, 0.0, 0.0, 0.002]",,0.06981317007972118,-0.4025165587408924,-0.03490658503986059,"[0.003, 0.0, 0.0, 0.0, 0.003, 0.0, 0.0, 0.0, 0.003]",,0.28400000000000003,-4.3020000000000005,-19.664,"[0.6, 0.0, 0.0, 0.0, 0.6, 0.0, 0.0, 0.0, 0.6]"
1605615006433100373,,22160,,1605615006,418321132,"""base_imu""",,-0.012574009644143319,0.01715192577671977,-0.7935054629799182,0.6083134956967589,"[0.002, 0.0, 0.0, 0.0, 0.002, 0.0, 0.0, 0.0, 0.002]",,0.08181230868717326,-0.5715953300277172,-0.03490658503986059,"[0.003, 0.0, 0.0, 0.0, 0.003, 0.0, 0.0, 0.0, 0.003]",,0.0040000000000000036,-2.682,-4.024,"[0.6, 0.0, 0.0, 0.0, 0.6, 0.0, 0.0, 0.0, 0.6]"
1605615006483762337,,22161,,1605615006,468294858,"""base_imu""",,-0.01086492095464811,0.016358420313739852,-0.7935054629799182,0.6083745345785265,"[0.002, 0.0, 0.0, 0.0, 0.002, 0.0, 0.0, 0.0, 0.002]",,0.22252947962911127,-0.6446809924549253,-0.002181661564991287,"[0.003, 0.0, 0.0, 0.0, 0.003, 0.0, 0.0, 0.0, 0.003]",,-1.926,0.098,-1.944,"[0.6, 0.0, 0.0, 0.0, 0.6, 0.0, 0.0, 0.0, 0.6]"
1605615006535633470,,22162,,1605615006,518295049,"""base_imu""",,-0.01055972654580968,0.016907770249649026,-0.7942379295611305,0.6074589513520112,"[0.002, 0.0, 0.0, 0.0, 0.002, 0.0, 0.0, 0.0, 0.002]",,0.15162547876689444,0.2083486794566679,-0.02181661564991287,"[0.003, 0.0, 0.0, 0.0, 0.003, 0.0, 0.0, 0.0, 0.003]",,0.354,1.768,2.596,"[0.6, 0.0, 0.0, 0.0, 0.6, 0.0, 0.0, 0.0, 0.6]"
1605615006584726293,,22163,,1605615006,568382740,"""base_imu""",,-0.010071415491668192,0.016480498077275224,-0.7944210462064335,0.6071537569431728,"[0.002, 0.0, 0.0, 0.0, 0.002, 0.0, 0.0, 0.0, 0.002]",,0.18107790989427683,-0.04799655442980831,0.03054326190987802,"[0.003, 0.0, 0.0, 0.0, 0.003, 0.0, 0.0, 0.0, 0.003]",,0.884,-0.33199999999999996,-8.324,"[0.6, 0.0, 0.0, 0.0, 0.6, 0.0, 0.0, 0.0, 0.6]"
1605615006635495683,,22164,,1605615006,618592023,"""base_imu""",,-0.010925959836415797,0.016968809131416712,-0.7946652017335042,0.606726484770799,"[0.002, 0.0, 0.0, 0.0, 0.002, 0.0, 0.0, 0.0, 0.002]",,0.08508480103466019,-0.5748678223752041,0.014180800172443365,"[0.003, 0.0, 0.0, 0.0, 0.003, 0.0, 0.0, 0.0, 0.003]",,-1.786,1.298,-1.254,"[0.6, 0.0, 0.0, 0.0, 0.6, 0.0, 0.0, 0.0, 0.6]"
1605615006682031351,,22165,,1605615006,668434858,"""base_imu""",,-0.011231154245254227,0.016297381431972166,-0.7949703961423427,0.6064212903619606,"[0.002, 0.0, 0.0, 0.0, 0.002, 0.0, 0.0, 0.0, 0.002]",,0.06326818538474732,-0.4963280060355178,-0.011999138607452078,"[0.003, 0.0, 0.0, 0.0, 0.003, 0.0, 0.0, 0.0, 0.003]",,-0.606,-0.04200000000000001,1.376,"[0.6, 0.0, 0.0, 0.0, 0.6, 0.0, 0.0, 0.0, 0.6]"
1605615006733480206,,22166,,1605615006,718348264,"""base_imu""",,-0.012696087407678691,0.015870109259598364,-0.7953366294329488,0.6059329793078191,"[0.002, 0.0, 0.0, 0.0, 0.002, 0.0, 0.0, 0.0, 0.002]",,-0.006544984694973861,-0.41560652813084015,0.010908307824956436,"[0.003, 0.0, 0.0, 0.0, 0.003, 0.0, 0.0, 0.0, 0.003]",,1.834,1.008,-5.7540000000000004,"[0.6, 0.0, 0.0, 0.0, 0.6, 0.0, 0.0, 0.0, 0.6]"
1605615006782779720,,22167,,1605615006,768357515,"""base_imu""",,-0.01318439846182018,0.015198681560153818,-0.7951535127876457,0.6061771348348898,"[0.002, 0.0, 0.0, 0.0, 0.002, 0.0, 0.0, 0.0, 0.002]",,-0.17235126363431166,-0.1625337865918509,0.011999138607452078,"[0.003, 0.0, 0.0, 0.0, 0.003, 0.0, 0.0, 0.0, 0.003]",,1.714,-1.512,-2.504,"[0.6, 0.0, 0.0, 0.0, 0.6, 0.0, 0.0, 0.0, 0.6]"
1605615006832323525,,22168,,1605615006,818303346,"""base_imu""",,-0.012574009644143319,0.017029848013184398,-0.7952755905511811,0.6062381737166576,"[0.002, 0.0, 0.0, 0.0, 0.002, 0.0, 0.0, 0.0, 0.002]",,-0.2334377874540677,-0.040360738952338805,0.008726646259965148,"[0.003, 0.0, 0.0, 0.0, 0.003, 0.0, 0.0, 0.0, 0.003]",,-0.025999999999999995,-0.402,-3.604,"[0.6, 0.0, 0.0, 0.0, 0.6, 0.0, 0.0, 0.0, 0.6]"
1605615006885919065,,22169,,1605615006,868326425,"""base_imu""",,-0.012207776353537203,0.017029848013184398,-0.7952755905511811,0.6060550570713544,"[0.002, 0.0, 0.0, 0.0, 0.002, 0.0, 0.0, 0.0, 0.002]",,-0.09381144729462534,-0.31306843457624967,0.004363323129982574,"[0.003, 0.0, 0.0, 0.0, 0.003, 0.0, 0.0, 0.0, 0.003]",,1.334,-0.122,-2.124,"[0.6, 0.0, 0.0, 0.0, 0.6, 0.0, 0.0, 0.0, 0.6]"
1605615006932570703,,22170,,1605615006,918319702,"""base_imu""",,-0.01117011536348654,0.016358420313739852,-0.7950314350241103,0.6062992125984252,"[0.002, 0.0, 0.0, 0.0, 0.002, 0.0, 0.0, 0.0, 0.002]",,-0.1876228945892507,-0.08835729338214712,0.0250891079973998,"[0.003, 0.0, 0.0, 0.0, 0.003, 0.0, 0.0, 0.0, 0.003]",,1.4040000000000001,-2.342,-0.28400000000000003,"[0.6, 0.0, 0.0, 0.0, 0.6, 0.0, 0.0, 0.0, 0.6]"
1605615006984157736,,22171,,1605615006,968274116,"""base_imu""",,-0.010986998718183483,0.016175303668436794,-0.794909357260575,0.6064823292437282,"[0.002, 0.0, 0.0, 0.0, 0.002, 0.0, 0.0, 0.0, 0.002]",,-0.24652775684401543,0.08181230868717326,0.023998277214904155,"[0.003, 0.0, 0.0, 0.0, 0.003, 0.0, 0.0, 0.0, 0.003]",,1.704,0.078,-3.854,"[0.6, 0.0, 0.0, 0.0, 0.6, 0.0, 0.0, 0.0, 0.6]"
1605615007035137848,,22172,,1605615007,18274068,"""base_imu""",,-0.010010376609900506,0.015564914850759934,-0.7949703961423427,0.6064212903619606,"[0.002, 0.0, 0.0, 0.0, 0.002, 0.0, 0.0, 0.0, 0.002]",,0.1003564319895992,0.18980455615424197,0.006544984694973861,"[0.003, 0.0, 0.0, 0.0, 0.003, 0.0, 0.0, 0.0, 0.003]",,-0.616,1.488,9.946000000000002,"[0.6, 0.0, 0.0, 0.0, 0.6, 0.0, 0.0, 0.0, 0.6]"
1605615007082931742,,22173,,1605615007,68368911,"""base_imu""",,-0.00933894891045596,0.015442837087224562,-0.794909357260575,0.6065433681254959,"[0.002, 0.0, 0.0, 0.0, 0.002, 0.0, 0.0, 0.0, 0.002]",,0.1734420944168073,0.22689280275909385,0.045814892864817026,"[0.003, 0.0, 0.0, 0.0, 0.003, 0.0, 0.0, 0.0, 0.003]",,1.424,-1.6219999999999999,8.516,"[0.6, 0.0, 0.0, 0.0, 0.6, 0.0, 0.0, 0.0, 0.6]"
1605615007133876910,,22174,,1605615007,118320465,"""base_imu""",,-0.009155832265152902,0.01532075932368919,-0.7952755905511811,0.6060550570713544,"[0.002, 0.0, 0.0, 0.0, 0.002, 0.0, 0.0, 0.0, 0.002]",,0.23889194136654593,0.19416787928422455,0.0501782159947996,"[0.003, 0.0, 0.0, 0.0, 0.003, 0.0, 0.0, 0.0, 0.003]",,-0.866,-0.742,5.2459999999999996,"[0.6, 0.0, 0.0, 0.0, 0.6, 0.0, 0.0, 0.0, 0.6]"
1605615007184394936,,22175,,1605615007,168310642,"""base_imu""",,-0.010010376609900506,0.015748031496062992,-0.795702862723555,0.6055057071354453,"[0.002, 0.0, 0.0, 0.0, 0.002, 0.0, 0.0, 0.0, 0.002]",,0.12326387842200771,0.1908953869367376,-0.002181661564991287,"[0.003, 0.0, 0.0, 0.0, 0.003, 0.0, 0.0, 0.0, 0.003]",,1.724,-1.5419999999999998,-0.9039999999999999,"[0.6, 0.0, 0.0, 0.0, 0.6, 0.0, 0.0, 0.0, 0.6]"
1605615007237059999,,22176,,1605615007,218372106,"""base_imu""",,-0.007935054629799182,0.015748031496062992,-0.795702862723555,0.6055667460172129,"[0.002, 0.0, 0.0, 0.0, 0.002, 0.0, 0.0, 0.0, 0.002]",,0.10362892433708613,0.266162710928937,-0.033815754257364945,"[0.003, 0.0, 0.0, 0.0, 0.003, 0.0, 0.0, 0.0, 0.003]",,-1.916,2.308,12.246,"[0.6, 0.0, 0.0, 0.0, 0.6, 0.0, 0.0, 0.0, 0.6]"
1605615007282317826,,22177,,1605615007,268261909,"""base_imu""",,-0.009461026673991332,0.014649331624244644,-0.7961911737776964,0.6048953183177684,"[0.002, 0.0, 0.0, 0.0, 0.002, 0.0, 0.0, 0.0, 0.002]",,0.14508049407192058,-0.11453723216204256,-0.05345070834228653,"[0.003, 0.0, 0.0, 0.0, 0.003, 0.0, 0.0, 0.0, 0.003]",,-2.2760000000000002,-7.642,-3.624,"[0.6, 0.0, 0.0, 0.0, 0.6, 0.0, 0.0, 0.0, 0.6]"
1605615007332372806,,22178,,1605615007,318654298,"""base_imu""",,-0.008972715619849844,0.015198681560153818,-0.7966184459500701,0.6043459683818593,"[0.002, 0.0, 0.0, 0.0, 0.002, 0.0, 0.0, 0.0, 0.002]",,-0.19634954084921583,0.11780972450952949,0.018544123302425938,"[0.003, 0.0, 0.0, 0.0, 0.003, 0.0, 0.0, 0.0, 0.003]",,-1.646,-7.702,-8.693999999999999,"[0.6, 0.0, 0.0, 0.0, 0.6, 0.0, 0.0, 0.0, 0.6]"
1605615007383699323,,22179,,1605615007,368289470,"""base_imu""",,-0.0087285600927791,0.015137642678386132,-0.7966184459500701,0.6043459683818593,"[0.002, 0.0, 0.0, 0.0, 0.002, 0.0, 0.0, 0.0, 0.002]",,-0.19634954084921583,0.22471114119410254,0.052359877559790886,"[0.003, 0.0, 0.0, 0.0, 0.003, 0.0, 0.0, 0.0, 0.003]",,2.514,-3.9219999999999997,1.446,"[0.6, 0.0, 0.0, 0.0, 0.6, 0.0, 0.0, 0.0, 0.6]"
1605615007435539287,,22180,,1605615007,418340682,"""base_imu""",,-0.008667521211011414,0.015076603796618446,-0.7969846792406763,0.6037966184459501,"[0.002, 0.0, 0.0, 0.0, 0.002, 0.0, 0.0, 0.0, 0.002]",,-0.15707963267937267,0.3523383427460928,0.0501782159947996,"[0.003, 0.0, 0.0, 0.0, 0.003, 0.0, 0.0, 0.0, 0.003]",,2.2239999999999998,-0.8220000000000001,0.9259999999999999,"[0.6, 0.0, 0.0, 0.0, 0.6, 0.0, 0.0, 0.0, 0.6]"
1605615007481129086,,22181,,1605615007,468321800,"""base_imu""",,-0.00781297686626381,0.015076603796618446,-0.7971677958859794,0.603613501800647,"[0.002, 0.0, 0.0, 0.0, 0.002, 0.0, 0.0, 0.0, 0.002]",,-0.023998277214904155,0.47996554429808314,-0.027270769562391085,"[0.003, 0.0, 0.0, 0.0, 0.003, 0.0, 0.0, 0.0, 0.003]",,1.064,0.648,7.916,"[0.6, 0.0, 0.0, 0.0, 0.6, 0.0, 0.0, 0.0, 0.6]"
1605615007534394861,,22182,,1605615007,518321037,"""base_imu""",,-0.009766221082829762,0.013855826161264725,-0.7973509125312824,0.603430385155344,"[0.002, 0.0, 0.0, 0.0, 0.002, 0.0, 0.0, 0.0, 0.002]",,-0.16362461737434653,0.19634954084921583,0.007635815477469505,"[0.003, 0.0, 0.0, 0.0, 0.003, 0.0, 0.0, 0.0, 0.003]",,-1.966,-1.8019999999999998,5.456,"[0.6, 0.0, 0.0, 0.0, 0.6, 0.0, 0.0, 0.0, 0.6]"
1605615007582940125,,22183,,1605615007,568332910,"""base_imu""",,-0.006470121467374718,0.014649331624244644,-0.7968015625953733,0.6041628517365562,"[0.002, 0.0, 0.0, 0.0, 0.002, 0.0, 0.0, 0.0, 0.002]",,-0.026179938779895443,0.6130468997625517,0.016362461737434653,"[0.003, 0.0, 0.0, 0.0, 0.003, 0.0, 0.0, 0.0, 0.003]",,2.214,-0.212,6.726,"[0.6, 0.0, 0.0, 0.0, 0.6, 0.0, 0.0, 0.0, 0.6]"
1605615007632181174,,22184,,1605615007,618292331,"""base_imu""",,-0.006775315876213148,0.013977903924800097,-0.7968626014771409,0.6040407739730208,"[0.002, 0.0, 0.0, 0.0, 0.002, 0.0, 0.0, 0.0, 0.002]",,0.03817907738734752,0.7668540400944374,-0.002181661564991287,"[0.003, 0.0, 0.0, 0.0, 0.003, 0.0, 0.0, 0.0, 0.003]",,1.584,-1.222,4.776,"[0.6, 0.0, 0.0, 0.0, 0.6, 0.0, 0.0, 0.0, 0.6]"
1605615007681254284,,22185,,1605615007,668283700,"""base_imu""",,-0.007751937984496124,0.013733748397729353,-0.7965574070683025,0.604407007263627,"[0.002, 0.0, 0.0, 0.0, 0.002, 0.0, 0.0, 0.0, 0.002]",,0.2487094184090067,-0.03599741582235624,0.03163409269237366,"[0.003, 0.0, 0.0, 0.0, 0.003, 0.0, 0.0, 0.0, 0.003]",,0.42400000000000004,1.4080000000000001,-6.044,"[0.6, 0.0, 0.0, 0.0, 0.6, 0.0, 0.0, 0.0, 0.6]"
1605615007734098166,,22186,,1605615007,718292474,"""base_imu""",,-0.008545443447476042,0.01287920405298175,-0.7971677958859794,0.6036745406824147,"[0.002, 0.0, 0.0, 0.0, 0.002, 0.0, 0.0, 0.0, 0.002]",,0.09926560120710355,-0.23234695667157207,-0.04363323129982574,"[0.003, 0.0, 0.0, 0.0, 0.003, 0.0, 0.0, 0.0, 0.003]",,3.7939999999999996,0.248,2.0260000000000002,"[0.6, 0.0, 0.0, 0.0, 0.6, 0.0, 0.0, 0.0, 0.6]"
1605615007783085707,,22187,,1605615007,768367528,"""base_imu""",,-0.008057132393334554,0.013001281816517121,-0.7973509125312824,0.603430385155344,"[0.002, 0.0, 0.0, 0.0, 0.002, 0.0, 0.0, 0.0, 0.002]",,-0.16907877128682475,-0.2836160034488673,-0.020725784867417225,"[0.003, 0.0, 0.0, 0.0, 0.003, 0.0, 0.0, 0.0, 0.003]",,2.964,1.248,0.006000000000000005,"[0.6, 0.0, 0.0, 0.0, 0.6, 0.0, 0.0, 0.0, 0.6]"
1605615007831905758,,22188,,1605615007,818303823,"""base_imu""",,-0.008362326802172984,0.013611670634193981,-0.7975340291765854,0.6031251907465055,"[0.002, 0.0, 0.0, 0.0, 0.002, 0.0, 0.0, 0.0, 0.002]",,-0.02181661564991287,-0.4025165587408924,-0.01527163095493901,"[0.003, 0.0, 0.0, 0.0, 0.003, 0.0, 0.0, 0.0, 0.003]",,-0.086,-2.1420000000000003,-17.874000000000002,"[0.6, 0.0, 0.0, 0.0, 0.6, 0.0, 0.0, 0.0, 0.6]"
1605615007882597067,,22189,,1605615007,868371009,"""base_imu""",,-0.008911676738082158,0.01501556491485076,-0.7977171458218886,0.6029420741012025,"[0.002, 0.0, 0.0, 0.0, 0.002, 0.0, 0.0, 0.0, 0.002]",,-0.1734420944168073,-0.30652344988127583,-0.016362461737434653,"[0.003, 0.0, 0.0, 0.0, 0.003, 0.0, 0.0, 0.0, 0.003]",,-0.346,-1.8719999999999999,2.096,"[0.6, 0.0, 0.0, 0.0, 0.6, 0.0, 0.0, 0.0, 0.6]"
1605615007931557024,,22190,,1605615007,918287277,"""base_imu""",,-0.007141549166819264,0.015748031496062992,-0.7976561069401209,0.6029420741012025,"[0.002, 0.0, 0.0, 0.0, 0.002, 0.0, 0.0, 0.0, 0.002]",,-0.2672535417114327,-0.017453292519930295,0.03272492347486931,"[0.003, 0.0, 0.0, 0.0, 0.003, 0.0, 0.0, 0.0, 0.003]",,-2.636,3.328,4.106,"[0.6, 0.0, 0.0, 0.0, 0.6, 0.0, 0.0, 0.0, 0.6]"
1605615007981930792,,22191,,1605615007,968268871,"""base_imu""",,-0.007690899102728438,0.015259720441921504,-0.7975950680583531,0.6030641518647378,"[0.002, 0.0, 0.0, 0.0, 0.002, 0.0, 0.0, 0.0, 0.002]",,0.1505346479843988,-0.049087385212303956,-0.0250891079973998,"[0.003, 0.0, 0.0, 0.0, 0.003, 0.0, 0.0, 0.0, 0.003]",,-0.6559999999999999,9.788,9.116000000000001,"[0.6, 0.0, 0.0, 0.0, 0.6, 0.0, 0.0, 0.0, 0.6]"
1605615008031850474,,22192,,1605615008,18369197,"""base_imu""",,-0.007385704693890008,0.01593114814136605,-0.7976561069401209,0.6029420741012025,"[0.002, 0.0, 0.0, 0.0, 0.002, 0.0, 0.0, 0.0, 0.002]",,0.08399397025216455,-0.08399397025216455,-0.005454153912478218,"[0.003, 0.0, 0.0, 0.0, 0.003, 0.0, 0.0, 0.0, 0.003]",,3.6239999999999997,-1.262,4.876,"[0.6, 0.0, 0.0, 0.0, 0.6, 0.0, 0.0, 0.0, 0.6]"
1605615008081459399,,22193,,1605615008,68383216,"""base_imu""",,-0.006836354757980834,0.016419459195507538,-0.7975340291765854,0.6030641518647378,"[0.002, 0.0, 0.0, 0.0, 0.002, 0.0, 0.0, 0.0, 0.002]",,0.0578140314722691,0.3316125578786756,-0.0250891079973998,"[0.003, 0.0, 0.0, 0.0, 0.003, 0.0, 0.0, 0.0, 0.003]",,2.214,-2.7520000000000002,9.526000000000002,"[0.6, 0.0, 0.0, 0.0, 0.6, 0.0, 0.0, 0.0, 0.6]"
1605615008133399300,,22194,,1605615008,118490457,"""base_imu""",,-0.00781297686626381,0.016114264786669108,-0.7975340291765854,0.6031251907465055,"[0.002, 0.0, 0.0, 0.0, 0.002, 0.0, 0.0, 0.0, 0.002]",,0.05345070834228653,0.42760566673829226,-0.037088246604851875,"[0.003, 0.0, 0.0, 0.0, 0.003, 0.0, 0.0, 0.0, 0.003]",,-2.476,-1.482,0.846,"[0.6, 0.0, 0.0, 0.0, 0.6, 0.0, 0.0, 0.0, 0.6]"
1605615008183595562,,22195,,1605615008,168422698,"""base_imu""",,-0.00811817127510224,0.014832448269547702,-0.7973509125312824,0.6033693462735763,"[0.002, 0.0, 0.0, 0.0, 0.002, 0.0, 0.0, 0.0, 0.002]",,0.08072147790467761,-0.18544123302425938,0.017453292519930295,"[0.003, 0.0, 0.0, 0.0, 0.003, 0.0, 0.0, 0.0, 0.003]",,-2.3360000000000003,-0.382,-2.864,"[0.6, 0.0, 0.0, 0.0, 0.6, 0.0, 0.0, 0.0, 0.6]"
1605615008233083590,,22196,,1605615008,218396425,"""base_imu""",,-0.008057132393334554,0.015686992614295306,-0.7974729902948178,0.6031862296282732,"[0.002, 0.0, 0.0, 0.0, 0.002, 0.0, 0.0, 0.0, 0.002]",,0.020725784867417225,-0.467966405690631,-0.027270769562391085,"[0.003, 0.0, 0.0, 0.0, 0.003, 0.0, 0.0, 0.0, 0.003]",,-3.8960000000000004,0.888,-0.8740000000000001,"[0.6, 0.0, 0.0, 0.0, 0.6, 0.0, 0.0, 0.0, 0.6]"
1605615008281057325,,22197,,1605615008,268283367,"""base_imu""",,-0.008362326802172984,0.01471037050601233,-0.7977171458218886,0.6028810352194348,"[0.002, 0.0, 0.0, 0.0, 0.002, 0.0, 0.0, 0.0, 0.002]",,0.040360738952338805,-0.5705044992452215,-0.018544123302425938,"[0.003, 0.0, 0.0, 0.0, 0.003, 0.0, 0.0, 0.0, 0.003]",,-4.646,-0.512,2.336,"[0.6, 0.0, 0.0, 0.0, 0.6, 0.0, 0.0, 0.0, 0.6]"
1605615008333877782,,22198,,1605615008,318381547,"""base_imu""",,-0.009399987792223646,0.015259720441921504,-0.7979613013489593,0.6025758408105963,"[0.002, 0.0, 0.0, 0.0, 0.002, 0.0, 0.0, 0.0, 0.002]",,-0.09708393964211227,-0.5039638215129872,-0.03599741582235624,"[0.003, 0.0, 0.0, 0.0, 0.003, 0.0, 0.0, 0.0, 0.003]",,1.584,0.698,-3.7640000000000002,"[0.6, 0.0, 0.0, 0.0, 0.6, 0.0, 0.0, 0.0, 0.6]"
1605615008381388919,,22199,,1605615008,368344306,"""base_imu""",,-0.00903375450161753,0.016419459195507538,-0.7981444179942624,0.6022706464017579,"[0.002, 0.0, 0.0, 0.0, 0.002, 0.0, 0.0, 0.0, 0.002]",,-0.2585268954514675,0.14617132485441622,-0.03490658503986059,"[0.003, 0.0, 0.0, 0.0, 0.003, 0.0, 0.0, 0.0, 0.003]",,0.744,2.698,4.696,"[0.6, 0.0, 0.0, 0.0, 0.6, 0.0, 0.0, 0.0, 0.6]"
1605615008432425160,,22200,,1605615008,418231964,"""base_imu""",,-0.010132454373435879,0.015564914850759934,-0.7980833791124946,0.6023316852835257,"[0.002, 0.0, 0.0, 0.0, 0.002, 0.0, 0.0, 0.0, 0.002]",,-0.2378011105840503,-0.09599310885961662,-0.002181661564991287,"[0.003, 0.0, 0.0, 0.0, 0.003, 0.0, 0.0, 0.0, 0.003]",,0.754,2.318,2.136,"[0.6, 0.0, 0.0, 0.0, 0.6, 0.0, 0.0, 0.0, 0.6]"
1605615008481294684,,22201,,1605615008,468331575,"""base_imu""",,-0.007935054629799182,0.017518159067325886,-0.7980833791124946,0.6023316852835257,"[0.002, 0.0, 0.0, 0.0, 0.002, 0.0, 0.0, 0.0, 0.002]",,-0.140717170941938,-0.018544123302425938,0.0032724923474869304,"[0.003, 0.0, 0.0, 0.0, 0.003, 0.0, 0.0, 0.0, 0.003]",,-2.3960000000000004,-1.392,10.606000000000002,"[0.6, 0.0, 0.0, 0.0, 0.6, 0.0, 0.0, 0.0, 0.6]"
1605615008532610576,,22202,,1605615008,518439054,"""base_imu""",,-0.007324665812122322,0.017518159067325886,-0.7979613013489593,0.6025148019288287,"[0.002, 0.0, 0.0, 0.0, 0.002, 0.0, 0.0, 0.0, 0.002]",,-0.20725784867417227,0.29779680362131067,0.027270769562391085,"[0.003, 0.0, 0.0, 0.0, 0.003, 0.0, 0.0, 0.0, 0.003]",,-3.016,-3.0020000000000002,-0.734,"[0.6, 0.0, 0.0, 0.0, 0.6, 0.0, 0.0, 0.0, 0.6]"
1605615008580273331,,22203,,1605615008,568280220,"""base_imu""",,-0.008606482329243728,0.017212964658487456,-0.7981444179942624,0.6023316852835257,"[0.002, 0.0, 0.0, 0.0, 0.002, 0.0, 0.0, 0.0, 0.002]",,-0.02836160034488673,0.5257804371629001,-0.017453292519930295,"[0.003, 0.0, 0.0, 0.0, 0.003, 0.0, 0.0, 0.0, 0.003]",,0.744,0.218,11.126000000000001,"[0.6, 0.0, 0.0, 0.0, 0.6, 0.0, 0.0, 0.0, 0.6]"
1605615008632855097,,22204,,1605615008,618549823,"""base_imu""",,-0.008240249038637612,0.016114264786669108,-0.7983885735213331,0.6020875297564549,"[0.002, 0.0, 0.0, 0.0, 0.002, 0.0, 0.0, 0.0, 0.002]",,0.011999138607452078,-0.1908953869367376,-0.042542400517330096,"[0.003, 0.0, 0.0, 0.0, 0.003, 0.0, 0.0, 0.0, 0.003]",,1.664,-1.702,13.716000000000001,"[0.6, 0.0, 0.0, 0.0, 0.6, 0.0, 0.0, 0.0, 0.6]"
1605615008682147442,,22205,,1605615008,668291568,"""base_imu""",,-0.00903375450161753,0.016907770249649026,-0.7982664957577977,0.6020875297564549,"[0.002, 0.0, 0.0, 0.0, 0.002, 0.0, 0.0, 0.0, 0.002]",,0.1003564319895992,0.3392483733561451,0.03490658503986059,"[0.003, 0.0, 0.0, 0.0, 0.003, 0.0, 0.0, 0.0, 0.003]",,-0.956,0.41800000000000004,15.126000000000001,"[0.6, 0.0, 0.0, 0.0, 0.6, 0.0, 0.0, 0.0, 0.6]"
1605615008732106229,,22206,,1605615008,718338966,"""base_imu""",,-0.009094793383385216,0.01501556491485076,-0.7977781847036562,0.6027589574558994,"[0.002, 0.0, 0.0, 0.0, 0.002, 0.0, 0.0, 0.0, 0.002]",,0.27707101875389345,-0.09599310885961662,0.0501782159947996,"[0.003, 0.0, 0.0, 0.0, 0.003, 0.0, 0.0, 0.0, 0.003]",,6.084,1.538,-7.384,"[0.6, 0.0, 0.0, 0.0, 0.6, 0.0, 0.0, 0.0, 0.6]"
1605615008783204102,,22207,,1605615008,768305301,"""base_imu""",,-0.01117011536348654,0.013001281816517121,-0.7977781847036562,0.6030641518647378,"[0.002, 0.0, 0.0, 0.0, 0.002, 0.0, 0.0, 0.0, 0.002]",,0.20180369476169405,-0.2236203104116069,-0.002181661564991287,"[0.003, 0.0, 0.0, 0.0, 0.003, 0.0, 0.0, 0.0, 0.003]",,2.6639999999999997,-0.482,2.386,"[0.6, 0.0, 0.0, 0.0, 0.6, 0.0, 0.0, 0.0, 0.6]"
1605615008834714269,,22208,,1605615008,818318843,"""base_imu""",,-0.010010376609900506,0.014038942806567783,-0.7980833791124946,0.6025148019288287,"[0.002, 0.0, 0.0, 0.0, 0.002, 0.0, 0.0, 0.0, 0.002]",,0.09599310885961662,-0.36433748135354493,-0.05126904677729524,"[0.003, 0.0, 0.0, 0.0, 0.003, 0.0, 0.0, 0.0, 0.003]",,-2.226,0.6779999999999999,-7.973999999999999,"[0.6, 0.0, 0.0, 0.0, 0.6, 0.0, 0.0, 0.0, 0.6]"
1605615008884641695,,22209,,1605615008,868348836,"""base_imu""",,-0.011109076481718855,0.013001281816517121,-0.7981444179942624,0.6023316852835257,"[0.002, 0.0, 0.0, 0.0, 0.002, 0.0, 0.0, 0.0, 0.002]",,-0.0032724923474869304,-0.5312345910753784,-0.07199483164471247,"[0.003, 0.0, 0.0, 0.0, 0.003, 0.0, 0.0, 0.0, 0.003]",,2.824,-2.0420000000000003,-0.6940000000000001,"[0.6, 0.0, 0.0, 0.0, 0.6, 0.0, 0.0, 0.0, 0.6]"
1605615008933615444,,22210,,1605615008,918698787,"""base_imu""",,-0.011292193127021913,0.0144051760971739,-0.7984496124031008,0.6019044131111518,"[0.002, 0.0, 0.0, 0.0, 0.002, 0.0, 0.0, 0.0, 0.002]",,-0.20289452554418969,-0.25634523388647623,-0.05999569303726039,"[0.003, 0.0, 0.0, 0.0, 0.003, 0.0, 0.0, 0.0, 0.003]",,-5.586,0.868,-19.264,"[0.6, 0.0, 0.0, 0.0, 0.6, 0.0, 0.0, 0.0, 0.6]"
1605615008983463573,,22211,,1605615008,968472242,"""base_imu""",,-0.00964414331929439,0.016907770249649026,-0.7985716901666361,0.6015992187023134,"[0.002, 0.0, 0.0, 0.0, 0.002, 0.0, 0.0, 0.0, 0.002]",,-0.011999138607452078,-0.016362461737434653,-0.018544123302425938,"[0.003, 0.0, 0.0, 0.0, 0.003, 0.0, 0.0, 0.0, 0.003]",,-2.766,2.028,-2.0140000000000002,"[0.6, 0.0, 0.0, 0.0, 0.6, 0.0, 0.0, 0.0, 0.6]"
1605615009032525675,,22212,,1605615009,18336296,"""base_imu""",,-0.011292193127021913,0.016480498077275224,-0.7985716901666361,0.601660257584081,"[0.002, 0.0, 0.0, 0.0, 0.002, 0.0, 0.0, 0.0, 0.002]",,-0.1374446785944511,0.12217304763951208,0.04690572364731267,"[0.003, 0.0, 0.0, 0.0, 0.003, 0.0, 0.0, 0.0, 0.003]",,3.6839999999999997,4.628,5.356,"[0.6, 0.0, 0.0, 0.0, 0.6, 0.0, 0.0, 0.0, 0.6]"
1605615009084210500,,22213,,1605615009,68351745,"""base_imu""",,-0.008789598974546786,0.01654153695904291,-0.7983885735213331,0.6019654519929195,"[0.002, 0.0, 0.0, 0.0, 0.002, 0.0, 0.0, 0.0, 0.002]",,0.09708393964211227,0.6981317007972119,0.0752673239921994,"[0.003, 0.0, 0.0, 0.0, 0.003, 0.0, 0.0, 0.0, 0.003]",,1.954,2.588,9.646,"[0.6, 0.0, 0.0, 0.0, 0.6, 0.0, 0.0, 0.0, 0.6]"
1605615009133812321,,22214,,1605615009,118309259,"""base_imu""",,-0.008606482329243728,0.016419459195507538,-0.7985716901666361,0.6017212964658487,"[0.002, 0.0, 0.0, 0.0, 0.002, 0.0, 0.0, 0.0, 0.002]",,0.23234695667157207,0.391608250915936,0.0578140314722691,"[0.003, 0.0, 0.0, 0.0, 0.003, 0.0, 0.0, 0.0, 0.003]",,-0.136,0.42800000000000005,4.686,"[0.6, 0.0, 0.0, 0.0, 0.6, 0.0, 0.0, 0.0, 0.6]"
1605615009185118902,,22215,,1605615009,168305158,"""base_imu""",,-0.008545443447476042,0.016297381431972166,-0.7983885735213331,0.6020264908746872,"[0.002, 0.0, 0.0, 0.0, 0.002, 0.0, 0.0, 0.0, 0.002]",,-0.0032724923474869304,0.09272061651212969,0.045814892864817026,"[0.003, 0.0, 0.0, 0.0, 0.003, 0.0, 0.0, 0.0, 0.003]",,7.764,-0.532,0.07600000000000001,"[0.6, 0.0, 0.0, 0.0, 0.6, 0.0, 0.0, 0.0, 0.6]"
1605615009239387986,,22216,,1605615009,218352079,"""base_imu""",,-0.00842336568394067,0.015870109259598364,-0.7983275346395654,0.6020264908746872,"[0.002, 0.0, 0.0, 0.0, 0.002, 0.0, 0.0, 0.0, 0.002]",,0.2083486794566679,-0.30761428066377144,0.014180800172443365,"[0.003, 0.0, 0.0, 0.0, 0.003, 0.0, 0.0, 0.0, 0.003]",,2.384,1.528,6.066,"[0.6, 0.0, 0.0, 0.0, 0.6, 0.0, 0.0, 0.0, 0.6]"
1605615009284449778,,22217,,1605615009,268401622,"""base_imu""",,-0.009216871146920588,0.014893487151315388,-0.7983885735213331,0.6020264908746872,"[0.002, 0.0, 0.0, 0.0, 0.002, 0.0, 0.0, 0.0, 0.002]",,0.12980886311698156,-0.425424005173301,-0.02836160034488673,"[0.003, 0.0, 0.0, 0.0, 0.003, 0.0, 0.0, 0.0, 0.003]",,-3.8160000000000003,-1.0419999999999998,-18.074,"[0.6, 0.0, 0.0, 0.0, 0.6, 0.0, 0.0, 0.0, 0.6]"
1605615009334019342,,22218,,1605615009,318312883,"""base_imu""",,-0.01025453213697125,0.014038942806567783,-0.7983275346395654,0.6020264908746872,"[0.002, 0.0, 0.0, 0.0, 0.002, 0.0, 0.0, 0.0, 0.002]",,0.042542400517330096,-0.501782159947996,-0.017453292519930295,"[0.003, 0.0, 0.0, 0.0, 0.003, 0.0, 0.0, 0.0, 0.003]",,2.9739999999999998,-0.7120000000000001,-25.904,"[0.6, 0.0, 0.0, 0.0, 0.6, 0.0, 0.0, 0.0, 0.6]"
1605615009385011070,,22219,,1605615009,368309736,"""base_imu""",,-0.011353232008789599,0.012451931880607947,-0.7982054568760301,0.6022706464017579,"[0.002, 0.0, 0.0, 0.0, 0.002, 0.0, 0.0, 0.0, 0.002]",,-0.006544984694973861,-0.6403176693249427,-0.05454153912478217,"[0.003, 0.0, 0.0, 0.0, 0.003, 0.0, 0.0, 0.0, 0.003]",,3.134,-2.492,-4.234,"[0.6, 0.0, 0.0, 0.0, 0.6, 0.0, 0.0, 0.0, 0.6]"
1605615009433342090,,22220,,1605615009,418373107,"""base_imu""",,-0.011658426417628029,0.014893487151315388,-0.7983275346395654,0.6020264908746872,"[0.002, 0.0, 0.0, 0.0, 0.002, 0.0, 0.0, 0.0, 0.002]",,0.12653637076949464,-0.32179508083621483,-0.0752673239921994,"[0.003, 0.0, 0.0, 0.0, 0.003, 0.0, 0.0, 0.0, 0.003]",,-6.0760000000000005,4.628,1.246,"[0.6, 0.0, 0.0, 0.0, 0.6, 0.0, 0.0, 0.0, 0.6]"
1605615009485020388,,22221,,1605615009,468788623,"""base_imu""",,-0.012390892998840261,0.014038942806567783,-0.7983275346395654,0.6019654519929195,"[0.002, 0.0, 0.0, 0.0, 0.002, 0.0, 0.0, 0.0, 0.002]",,-0.045814892864817026,-0.5465062220303174,-0.0752673239921994,"[0.003, 0.0, 0.0, 0.0, 0.003, 0.0, 0.0, 0.0, 0.003]",,-11.116,-2.532,6.756,"[0.6, 0.0, 0.0, 0.0, 0.6, 0.0, 0.0, 0.0, 0.6]"
1605615009534428926,,22222,,1605615009,518365859,"""base_imu""",,-0.011658426417628029,0.015992187023133736,-0.7987548068119392,0.6014161020570103,"[0.002, 0.0, 0.0, 0.0, 0.002, 0.0, 0.0, 0.0, 0.002]",,-0.27161686484141523,0.18544123302425938,0.007635815477469505,"[0.003, 0.0, 0.0, 0.0, 0.003, 0.0, 0.0, 0.0, 0.003]",,-1.826,-3.8520000000000003,2.406,"[0.6, 0.0, 0.0, 0.0, 0.6, 0.0, 0.0, 0.0, 0.6]"
1605615009585250220,,22223,,1605615009,568220376,"""base_imu""",,-0.009766221082829762,0.016968809131416712,-0.7983885735213331,0.6019654519929195,"[0.002, 0.0, 0.0, 0.0, 0.002, 0.0, 0.0, 0.0, 0.002]",,-0.029452431127382373,0.7297657934895855,0.03272492347486931,"[0.003, 0.0, 0.0, 0.0, 0.003, 0.0, 0.0, 0.0, 0.003]",,-2.9160000000000004,3.4379999999999997,11.746,"[0.6, 0.0, 0.0, 0.0, 0.6, 0.0, 0.0, 0.0, 0.6]"
1605615009632075492,,22224,,1605615009,618304252,"""base_imu""",,-0.009094793383385216,0.016663614722578282,-0.7977781847036562,0.6027589574558994,"[0.002, 0.0, 0.0, 0.0, 0.002, 0.0, 0.0, 0.0, 0.002]",,0.27707101875389345,0.6523168079323948,0.09053895494713841,"[0.003, 0.0, 0.0, 0.0, 0.003, 0.0, 0.0, 0.0, 0.003]",,1.8940000000000001,-2.912,9.296000000000001,"[0.6, 0.0, 0.0, 0.0, 0.6, 0.0, 0.0, 0.0, 0.6]"
1605615009683612891,,22225,,1605615009,668514490,"""base_imu""",,-0.008850637856314472,0.015992187023133736,-0.7977171458218886,0.6028810352194348,"[0.002, 0.0, 0.0, 0.0, 0.002, 0.0, 0.0, 0.0, 0.002]",,-0.040360738952338805,0.26289021858145006,0.006544984694973861,"[0.003, 0.0, 0.0, 0.0, 0.003, 0.0, 0.0, 0.0, 0.003]",,-0.146,-2.3720000000000003,0.866,"[0.6, 0.0, 0.0, 0.0, 0.6, 0.0, 0.0, 0.0, 0.6]"
1605615009734195813,,22226,,1605615009,718393802,"""base_imu""",,-0.009155832265152902,0.014893487151315388,-0.7979613013489593,0.6025758408105963,"[0.002, 0.0, 0.0, 0.0, 0.002, 0.0, 0.0, 0.0, 0.002]",,0.16362461737434653,-0.29016098814384117,0.037088246604851875,"[0.003, 0.0, 0.0, 0.0, 0.003, 0.0, 0.0, 0.0, 0.003]",,-1.726,-0.522,-4.124,"[0.6, 0.0, 0.0, 0.0, 0.6, 0.0, 0.0, 0.0, 0.6]"
1605615009783641504,,22227,,1605615009,768383502,"""base_imu""",,-0.009827259964597448,0.014038942806567783,-0.7980223402307269,0.6025148019288287,"[0.002, 0.0, 0.0, 0.0, 0.002, 0.0, 0.0, 0.0, 0.002]",,0.15707963267937267,-0.3545200043110841,-0.04690572364731267,"[0.003, 0.0, 0.0, 0.0, 0.003, 0.0, 0.0, 0.0, 0.003]",,2.9539999999999997,2.258,-18.544,"[0.6, 0.0, 0.0, 0.0, 0.6, 0.0, 0.0, 0.0, 0.6]"
1605615009836049347,,22228,,1605615009,818276405,"""base_imu""",,-0.011536348654092657,0.013428553988890923,-0.7982054568760301,0.6022706464017579,"[0.002, 0.0, 0.0, 0.0, 0.002, 0.0, 0.0, 0.0, 0.002]",,0.052359877559790886,-0.47232972882061364,-0.016362461737434653,"[0.003, 0.0, 0.0, 0.0, 0.003, 0.0, 0.0, 0.0, 0.003]",,5.504,-0.011999999999999997,-6.164,"[0.6, 0.0, 0.0, 0.0, 0.6, 0.0, 0.0, 0.0, 0.6]"
1605615009887169269,,22229,,1605615009,868535518,"""base_imu""",,-0.012940242934749435,0.011963620826466459,-0.7982664957577977,0.6021485686382225,"[0.002, 0.0, 0.0, 0.0, 0.002, 0.0, 0.0, 0.0, 0.002]",,0.1483529864194075,-0.42215151282581403,0.002181661564991287,"[0.003, 0.0, 0.0, 0.0, 0.003, 0.0, 0.0, 0.0, 0.003]",,2.1839999999999997,1.6880000000000002,1.766,"[0.6, 0.0, 0.0, 0.0, 0.6, 0.0, 0.0, 0.0, 0.6]"
1605615009933145729,,22230,,1605615009,918281555,"""base_imu""",,-0.013306476225355551,0.012268815235304889,-0.7981444179942624,0.6022706464017579,"[0.002, 0.0, 0.0, 0.0, 0.002, 0.0, 0.0, 0.0, 0.002]",,-0.2258019719765982,-0.2607085570164588,-0.05126904677729524,"[0.003, 0.0, 0.0, 0.0, 0.003, 0.0, 0.0, 0.0, 0.003]",,1.234,-1.5719999999999998,0.436,"[0.6, 0.0, 0.0, 0.0, 0.6, 0.0, 0.0, 0.0, 0.6]"
1605615009982634333,,22231,,1605615009,968364238,"""base_imu""",,-0.012268815235304889,0.013611670634193981,-0.7979002624671916,0.6025758408105963,"[0.002, 0.0, 0.0, 0.0, 0.002, 0.0, 0.0, 0.0, 0.002]",,-0.36324665057104927,0.1625337865918509,0.016362461737434653,"[0.003, 0.0, 0.0, 0.0, 0.003, 0.0, 0.0, 0.0, 0.003]",,-1.436,-3.492,-9.424,"[0.6, 0.0, 0.0, 0.0, 0.6, 0.0, 0.0, 0.0, 0.6]"
1605615010032328475,,22232,,1605615010,18633842,"""base_imu""",,-0.012390892998840261,0.014527253860709272,-0.7980223402307269,0.602453763047061,"[0.002, 0.0, 0.0, 0.0, 0.002, 0.0, 0.0, 0.0, 0.002]",,-0.2258019719765982,0.41560652813084015,-0.027270769562391085,"[0.003, 0.0, 0.0, 0.0, 0.003, 0.0, 0.0, 0.0, 0.003]",,-2.6660000000000004,2.9779999999999998,-2.894,"[0.6, 0.0, 0.0, 0.0, 0.6, 0.0, 0.0, 0.0, 0.6]"
1605615010083586798,,22233,,1605615010,68321228,"""base_imu""",,-0.010742843191112739,0.01532075932368919,-0.7976561069401209,0.6029420741012025,"[0.002, 0.0, 0.0, 0.0, 0.002, 0.0, 0.0, 0.0, 0.002]",,0.04363323129982574,0.5912302841126388,0.008726646259965148,"[0.003, 0.0, 0.0, 0.0, 0.003, 0.0, 0.0, 0.0, 0.003]",,-2.986,-3.7720000000000002,-5.274,"[0.6, 0.0, 0.0, 0.0, 0.6, 0.0, 0.0, 0.0, 0.6]"
1605615010134461597,,22234,,1605615010,118345022,"""base_imu""",,-0.01318439846182018,0.014771409387780016,-0.7974119514130501,0.6033083073918086,"[0.002, 0.0, 0.0, 0.0, 0.002, 0.0, 0.0, 0.0, 0.002]",,-0.2279836335415895,0.26179938779895445,0.008726646259965148,"[0.003, 0.0, 0.0, 0.0, 0.003, 0.0, 0.0, 0.0, 0.003]",,-2.996,-4.112,0.07600000000000001,"[0.6, 0.0, 0.0, 0.0, 0.6, 0.0, 0.0, 0.0, 0.6]"
1605615010181939293,,22235,,1605615010,168350458,"""base_imu""",,-0.010742843191112739,0.013916865043032411,-0.7977171458218886,0.6028810352194348,"[0.002, 0.0, 0.0, 0.0, 0.002, 0.0, 0.0, 0.0, 0.002]",,0.006544984694973861,0.501782159947996,-0.10144726277209484,"[0.003, 0.0, 0.0, 0.0, 0.003, 0.0, 0.0, 0.0, 0.003]",,2.3139999999999996,1.6580000000000001,-1.174,"[0.6, 0.0, 0.0, 0.0, 0.6, 0.0, 0.0, 0.0, 0.6]"
1605615010234549282,,22236,,1605615010,218642234,"""base_imu""",,-0.011353232008789599,0.013550631752426295,-0.7980833791124946,0.6023927241652933,"[0.002, 0.0, 0.0, 0.0, 0.002, 0.0, 0.0, 0.0, 0.002]",,0.09708393964211227,0.6217735460225168,-0.06544984694973861,"[0.003, 0.0, 0.0, 0.0, 0.003, 0.0, 0.0, 0.0, 0.003]",,3.004,3.7079999999999997,2.256,"[0.6, 0.0, 0.0, 0.0, 0.6, 0.0, 0.0, 0.0, 0.6]"
1605615010286203099,,22237,,1605615010,268342494,"""base_imu""",,-0.011048037599951169,0.01287920405298175,-0.7983885735213331,0.6020264908746872,"[0.002, 0.0, 0.0, 0.0, 0.002, 0.0, 0.0, 0.0, 0.002]",,0.1876228945892507,-0.2912518189263368,0.03163409269237366,"[0.003, 0.0, 0.0, 0.0, 0.003, 0.0, 0.0, 0.0, 0.003]",,0.114,0.908,3.316,"[0.6, 0.0, 0.0, 0.0, 0.6, 0.0, 0.0, 0.0, 0.6]"
1605615010336436064,,22238,,1605615010,318511724,"""base_imu""",,-0.011109076481718855,0.01287920405298175,-0.7982664957577977,0.6020264908746872,"[0.002, 0.0, 0.0, 0.0, 0.002, 0.0, 0.0, 0.0, 0.002]",,0.011999138607452078,-0.26289021858145006,0.027270769562391085,"[0.003, 0.0, 0.0, 0.0, 0.003, 0.0, 0.0, 0.0, 0.003]",,4.204,3.758,4.686,"[0.6, 0.0, 0.0, 0.0, 0.6, 0.0, 0.0, 0.0, 0.6]"
1605615010383900352,,22239,,1605615010,368386030,"""base_imu""",,-0.010925959836415797,0.013611670634193981,-0.7983885735213331,0.6020264908746872,"[0.002, 0.0, 0.0, 0.0, 0.002, 0.0, 0.0, 0.0, 0.002]",,0.2127120025866505,-0.2083486794566679,0.039269908169843167,"[0.003, 0.0, 0.0, 0.0, 0.003, 0.0, 0.0, 0.0, 0.003]",,3.464,-3.492,-6.164,"[0.6, 0.0, 0.0, 0.0, 0.6, 0.0, 0.0, 0.0, 0.6]"
1605615010434792335,,22240,,1605615010,418481349,"""base_imu""",,-0.010437648782274309,0.012757126289446377,-0.7989989623390099,0.6012329854117072,"[0.002, 0.0, 0.0, 0.0, 0.002, 0.0, 0.0, 0.0, 0.002]",,0.15598880189687703,-0.18544123302425938,0.005454153912478218,"[0.003, 0.0, 0.0, 0.0, 0.003, 0.0, 0.0, 0.0, 0.003]",,-3.6260000000000003,2.348,-2.894,"[0.6, 0.0, 0.0, 0.0, 0.6, 0.0, 0.0, 0.0, 0.6]"
1605615010485182998,,22241,,1605615010,468308687,"""base_imu""",,-0.009155832265152902,0.015442837087224562,-0.800158701092596,0.5996459744857474,"[0.002, 0.0, 0.0, 0.0, 0.002, 0.0, 0.0, 0.0, 0.002]",,0.022907446432408513,0.32288591161871044,-0.07635815477469504,"[0.003, 0.0, 0.0, 0.0, 0.003, 0.0, 0.0, 0.0, 0.003]",,-7.646,0.538,8.116,"[0.6, 0.0, 0.0, 0.0, 0.6, 0.0, 0.0, 0.0, 0.6]"
1605615010536217287,,22242,,1605615010,518291473,"""base_imu""",,-0.009522065555759018,0.01318439846182018,-0.800158701092596,0.5996459744857474,"[0.002, 0.0, 0.0, 0.0, 0.002, 0.0, 0.0, 0.0, 0.002]",,0.04363323129982574,0.21053034102165918,-0.014180800172443365,"[0.003, 0.0, 0.0, 0.0, 0.003, 0.0, 0.0, 0.0, 0.003]",,-0.646,0.658,-0.344,"[0.6, 0.0, 0.0, 0.0, 0.6, 0.0, 0.0, 0.0, 0.6]"
1605615010585091450,,22243,,1605615010,568348169,"""base_imu""",,-0.011109076481718855,0.01532075932368919,-0.800524934383202,0.5993407800769089,"[0.002, 0.0, 0.0, 0.0, 0.002, 0.0, 0.0, 0.0, 0.002]",,-0.1679879405043291,0.16471544815684216,-0.04363323129982574,"[0.003, 0.0, 0.0, 0.0, 0.003, 0.0, 0.0, 0.0, 0.003]",,-1.9959999999999998,0.848,-1.1440000000000001,"[0.6, 0.0, 0.0, 0.0, 0.6, 0.0, 0.0, 0.0, 0.6]"
1605615010634105839,,22244,,1605615010,618410587,"""base_imu""",,-0.00994933772813282,0.014161020570103156,-0.800158701092596,0.5995849356039797,"[0.002, 0.0, 0.0, 0.0, 0.002, 0.0, 0.0, 0.0, 0.002]",,0.08944812416464276,0.09053895494713841,0.040360738952338805,"[0.003, 0.0, 0.0, 0.0, 0.003, 0.0, 0.0, 0.0, 0.003]",,-0.596,0.6679999999999999,0.226,"[0.6, 0.0, 0.0, 0.0, 0.6, 0.0, 0.0, 0.0, 0.6]"
1605615010683809037,,22245,,1605615010,668344974,"""base_imu""",,-0.01055972654580968,0.014161020570103156,-0.7999755844472929,0.5998901300128182,"[0.002, 0.0, 0.0, 0.0, 0.002, 0.0, 0.0, 0.0, 0.002]",,0.020725784867417225,-0.005454153912478218,-0.010908307824956436,"[0.003, 0.0, 0.0, 0.0, 0.003, 0.0, 0.0, 0.0, 0.003]",,0.064,-1.3119999999999998,0.036000000000000004,"[0.6, 0.0, 0.0, 0.0, 0.6, 0.0, 0.0, 0.0, 0.6]"
1605615010736177487,,22246,,1605615010,718290805,"""base_imu""",,-0.01025453213697125,0.013367515107123237,-0.7998535066837575,0.5999511688945859,"[0.002, 0.0, 0.0, 0.0, 0.002, 0.0, 0.0, 0.0, 0.002]",,0.06435901616724296,-0.017453292519930295,0.019634954084921583,"[0.003, 0.0, 0.0, 0.0, 0.003, 0.0, 0.0, 0.0, 0.003]",,0.524,-0.34199999999999997,-0.664,"[0.6, 0.0, 0.0, 0.0, 0.6, 0.0, 0.0, 0.0, 0.6]"
1605615010783885170,,22247,,1605615010,768306255,"""base_imu""",,-0.010376609900506623,0.01318439846182018,-0.7999755844472929,0.5998901300128182,"[0.002, 0.0, 0.0, 0.0, 0.002, 0.0, 0.0, 0.0, 0.002]",,0.02836160034488673,-0.005454153912478218,-0.005454153912478218,"[0.003, 0.0, 0.0, 0.0, 0.003, 0.0, 0.0, 0.0, 0.003]",,-0.005999999999999998,-0.142,-0.504,"[0.6, 0.0, 0.0, 0.0, 0.6, 0.0, 0.0, 0.0, 0.6]"
1605615010834034199,,22248,,1605615010,819001913,"""base_imu""",,-0.010315571018738937,0.012635048525911005,-0.7999755844472929,0.5998901300128182,"[0.002, 0.0, 0.0, 0.0, 0.002, 0.0, 0.0, 0.0, 0.002]",,-0.011999138607452078,-0.026179938779895443,0.0010908307824956435,"[0.003, 0.0, 0.0, 0.0, 0.003, 0.0, 0.0, 0.0, 0.003]",,-0.216,0.6779999999999999,-0.10400000000000001,"[0.6, 0.0, 0.0, 0.0, 0.6, 0.0, 0.0, 0.0, 0.6]"
1605615010883728085,,22249,,1605615010,868405103,"""base_imu""",,-0.010742843191112739,0.013367515107123237,-0.7999145455655252,0.5998901300128182,"[0.002, 0.0, 0.0, 0.0, 0.002, 0.0, 0.0, 0.0, 0.002]",,-0.0501782159947996,-0.017453292519930295,0.010908307824956436,"[0.003, 0.0, 0.0, 0.0, 0.003, 0.0, 0.0, 0.0, 0.003]",,-0.226,0.14800000000000002,-0.344,"[0.6, 0.0, 0.0, 0.0, 0.6, 0.0, 0.0, 0.0, 0.6]"
1605615010938824092,,22250,,1605615010,918286800,"""base_imu""",,-0.010986998718183483,0.013428553988890923,-0.7998535066837575,0.6000732466581212,"[0.002, 0.0, 0.0, 0.0, 0.002, 0.0, 0.0, 0.0, 0.002]",,-0.004363323129982574,-0.013089969389947722,0.006544984694973861,"[0.003, 0.0, 0.0, 0.0, 0.003, 0.0, 0.0, 0.0, 0.003]",,-0.24600000000000002,0.108,0.166,"[0.6, 0.0, 0.0, 0.0, 0.6, 0.0, 0.0, 0.0, 0.6]"
1605615010984424259,,22251,,1605615010,968419313,"""base_imu""",,-0.011231154245254227,0.013977903924800097,-0.7998535066837575,0.6000122077763536,"[0.002, 0.0, 0.0, 0.0, 0.002, 0.0, 0.0, 0.0, 0.002]",,-0.02181661564991287,0.020725784867417225,-0.010908307824956436,"[0.003, 0.0, 0.0, 0.0, 0.003, 0.0, 0.0, 0.0, 0.003]",,0.034,0.14800000000000002,0.316,"[0.6, 0.0, 0.0, 0.0, 0.6, 0.0, 0.0, 0.0, 0.6]"
1605615011033701851,,22252,,1605615011,18349170,"""base_imu""",,-0.011048037599951169,0.014161020570103156,-0.7997314289202222,0.6001342855398889,"[0.002, 0.0, 0.0, 0.0, 0.002, 0.0, 0.0, 0.0, 0.002]",,-0.0010908307824956435,-0.004363323129982574,0.02181661564991287,"[0.003, 0.0, 0.0, 0.0, 0.003, 0.0, 0.0, 0.0, 0.003]",,-0.386,-0.24200000000000002,-0.13399999999999998,"[0.6, 0.0, 0.0, 0.0, 0.6, 0.0, 0.0, 0.0, 0.6]"
1605615011081302781,,22253,,1605615011,68329334,"""base_imu""",,-0.011231154245254227,0.014283098333638528,-0.7997924678019899,0.6002563633034242,"[0.002, 0.0, 0.0, 0.0, 0.002, 0.0, 0.0, 0.0, 0.002]",,-0.013089969389947722,0.0010908307824956435,-0.020725784867417225,"[0.003, 0.0, 0.0, 0.0, 0.003, 0.0, 0.0, 0.0, 0.003]",,-0.45599999999999996,0.178,0.966,"[0.6, 0.0, 0.0, 0.0, 0.6, 0.0, 0.0, 0.0, 0.6]"
1605615011131659812,,22254,,1605615011,118365526,"""base_imu""",,-0.011292193127021913,0.014222059451870842,-0.7996703900384545,0.6002563633034242,"[0.002, 0.0, 0.0, 0.0, 0.002, 0.0, 0.0, 0.0, 0.002]",,-0.0032724923474869304,-0.0250891079973998,0.045814892864817026,"[0.003, 0.0, 0.0, 0.0, 0.003, 0.0, 0.0, 0.0, 0.003]",,-0.28600000000000003,-0.612,0.396,"[0.6, 0.0, 0.0, 0.0, 0.6, 0.0, 0.0, 0.0, 0.6]"
1605615011184393419,,22255,,1605615011,168351888,"""base_imu""",,-0.011231154245254227,0.013977903924800097,-0.7996093511566869,0.6003784410669597,"[0.002, 0.0, 0.0, 0.0, 0.002, 0.0, 0.0, 0.0, 0.002]",,0.005454153912478218,-0.014180800172443365,-0.011999138607452078,"[0.003, 0.0, 0.0, 0.0, 0.003, 0.0, 0.0, 0.0, 0.003]",,-0.716,-0.502,-0.534,"[0.6, 0.0, 0.0, 0.0, 0.6, 0.0, 0.0, 0.0, 0.6]"
1605615011232788087,,22256,,1605615011,218467950,"""base_imu""",,-0.011536348654092657,0.014222059451870842,-0.7995483122749191,0.6003784410669597,"[0.002, 0.0, 0.0, 0.0, 0.002, 0.0, 0.0, 0.0, 0.002]",,0.0032724923474869304,-0.011999138607452078,-0.005454153912478218,"[0.003, 0.0, 0.0, 0.0, 0.003, 0.0, 0.0, 0.0, 0.003]",,0.634,-0.122,-0.094,"[0.6, 0.0, 0.0, 0.0, 0.6, 0.0, 0.0, 0.0, 0.6]"
1605615011284705139,,22257,,1605615011,268304586,"""base_imu""",,-0.01147530977232497,0.014038942806567783,-0.7994262345113837,0.6006225965940304,"[0.002, 0.0, 0.0, 0.0, 0.002, 0.0, 0.0, 0.0, 0.002]",,0.004363323129982574,-0.002181661564991287,0.01527163095493901,"[0.003, 0.0, 0.0, 0.0, 0.003, 0.0, 0.0, 0.0, 0.003]",,-0.156,0.188,-0.264,"[0.6, 0.0, 0.0, 0.0, 0.6, 0.0, 0.0, 0.0, 0.6]"
1605615011332695002,,22258,,1605615011,318279266,"""base_imu""",,-0.01147530977232497,0.014038942806567783,-0.799365195629616,0.6007446743575657,"[0.002, 0.0, 0.0, 0.0, 0.002, 0.0, 0.0, 0.0, 0.002]",,-0.0010908307824956435,-0.002181661564991287,-0.006544984694973861,"[0.003, 0.0, 0.0, 0.0, 0.003, 0.0, 0.0, 0.0, 0.003]",,-0.606,0.058,-0.034,"[0.6, 0.0, 0.0, 0.0, 0.6, 0.0, 0.0, 0.0, 0.6]"
1605615011383536391,,22259,,1605615011,368322372,"""base_imu""",,-0.01147530977232497,0.014038942806567783,-0.799365195629616,0.6006836354757981,"[0.002, 0.0, 0.0, 0.0, 0.002, 0.0, 0.0, 0.0, 0.002]",,0.0010908307824956435,0.0,-0.009817477042460792,"[0.003, 0.0, 0.0, 0.0, 0.003, 0.0, 0.0, 0.0, 0.003]",,0.154,-0.062,-0.12399999999999997,"[0.6, 0.0, 0.0, 0.0, 0.6, 0.0, 0.0, 0.0, 0.6]"
1605615011432230616,,22260,,1605615011,418287754,"""base_imu""",,-0.01147530977232497,0.014038942806567783,-0.7994262345113837,0.6006225965940304,"[0.002, 0.0, 0.0, 0.0, 0.002, 0.0, 0.0, 0.0, 0.002]",,0.0,-0.0010908307824956435,-0.004363323129982574,"[0.003, 0.0, 0.0, 0.0, 0.003, 0.0, 0.0, 0.0, 0.003]",,0.084,0.008000000000000007,0.066,"[0.6, 0.0, 0.0, 0.0, 0.6, 0.0, 0.0, 0.0, 0.6]"
1605615011482176409,,22261,,1605615011,468466281,"""base_imu""",,-0.011658426417628029,0.013855826161264725,-0.7994262345113837,0.6006225965940304,"[0.002, 0.0, 0.0, 0.0, 0.002, 0.0, 0.0, 0.0, 0.002]",,0.010908307824956436,0.004363323129982574,0.0010908307824956435,"[0.003, 0.0, 0.0, 0.0, 0.003, 0.0, 0.0, 0.0, 0.003]",,-0.076,-0.011999999999999997,-0.094,"[0.6, 0.0, 0.0, 0.0, 0.6, 0.0, 0.0, 0.0, 0.6]"
1605615011534996033,,22262,,1605615011,518303155,"""base_imu""",,-0.011719465299395715,0.013855826161264725,-0.7994262345113837,0.6006225965940304,"[0.002, 0.0, 0.0, 0.0, 0.002, 0.0, 0.0, 0.0, 0.002]",,0.002181661564991287,0.007635815477469505,0.0,"[0.003, 0.0, 0.0, 0.0, 0.003, 0.0, 0.0, 0.0, 0.003]",,0.154,0.027999999999999997,-0.023999999999999994,"[0.6, 0.0, 0.0, 0.0, 0.6, 0.0, 0.0, 0.0, 0.6]"
1605615011587689159,,22263,,1605615011,568569660,"""base_imu""",,-0.011719465299395715,0.013855826161264725,-0.7994262345113837,0.6006225965940304,"[0.002, 0.0, 0.0, 0.0, 0.002, 0.0, 0.0, 0.0, 0.002]",,-0.005454153912478218,-0.005454153912478218,0.0,"[0.003, 0.0, 0.0, 0.0, 0.003, 0.0, 0.0, 0.0, 0.003]",,0.034,0.048,-0.05400000000000002,"[0.6, 0.0, 0.0, 0.0, 0.6, 0.0, 0.0, 0.0, 0.6]"
1605615011632348385,,22264,,1605615011,618289232,"""base_imu""",,-0.011719465299395715,0.013855826161264725,-0.7994262345113837,0.6006225965940304,"[0.002, 0.0, 0.0, 0.0, 0.002, 0.0, 0.0, 0.0, 0.002]",,0.002181661564991287,0.002181661564991287,0.0010908307824956435,"[0.003, 0.0, 0.0, 0.0, 0.003, 0.0, 0.0, 0.0, 0.003]",,0.044000000000000004,0.058,0.20600000000000002,"[0.6, 0.0, 0.0, 0.0, 0.6, 0.0, 0.0, 0.0, 0.6]"
1605615011681826748,,22265,,1605615011,668318510,"""base_imu""",,-0.011780504181163401,0.013916865043032411,-0.7994262345113837,0.6006225965940304,"[0.002, 0.0, 0.0, 0.0, 0.002, 0.0, 0.0, 0.0, 0.002]",,0.004363323129982574,0.0,0.0010908307824956435,"[0.003, 0.0, 0.0, 0.0, 0.003, 0.0, 0.0, 0.0, 0.003]",,0.034,0.058,-0.05400000000000002,"[0.6, 0.0, 0.0, 0.0, 0.6, 0.0, 0.0, 0.0, 0.6]"
1605615011735309837,,22266,,1605615011,718335151,"""base_imu""",,-0.011780504181163401,0.013916865043032411,-0.7994262345113837,0.6006225965940304,"[0.002, 0.0, 0.0, 0.0, 0.002, 0.0, 0.0, 0.0, 0.002]",,-0.007635815477469505,-0.006544984694973861,0.002181661564991287,"[0.003, 0.0, 0.0, 0.0, 0.003, 0.0, 0.0, 0.0, 0.003]",,0.054000000000000006,0.048,0.086,"[0.6, 0.0, 0.0, 0.0, 0.6, 0.0, 0.0, 0.0, 0.6]"
